Sold status,Final bid,Mileage,Primary Damage,Secondary Damage,Year,VIN,Condition,Auction,Lot number,Date of sale,Engine,Seller,Documents,Location,Estimated Retail Value,Estimated Repair Cost,Transmission,Body color,Drive,Fuel,Keys,Notes,URL,Car images
Timed auction,7525,414 miles (Actual),Left Rear,Rear,2021,5YFS4MCE7MP083501,Stationary,IAAI,30651872,25.07.2021,2.0L I-4 DOHC 16-VALVE -INC,USAA,SALVAGE (Virginia),Richmond (VA),23805,≈ 14120,Unknown,Black,Front Wheel Drive,Gasoline,Present,Not specified,https://en.bidfax.info/toyota/corolla/9696020-toyota-corolla-se-2021-black-20l-vin-5yfs4mce7mp083501.html,{'https://bidfax.info/uploads/posts/2021-07/26/toyota-corolla-2021-5yfs4mce7mp083501-img8.jpg', 'https://counter.yadro.ru/hit?t45.11;rhttps%3A//en.bidfax.info/toyota/corolla/f/from-year%3D2021/to-year%3D2021/;s1920*1080*24;uhttps%3A//en.bidfax.info/toyota/corolla/9696020-toyota-corolla-se-2021-black-20l-vin-5yfs4mce7mp083501.html;hToyota%20Corolla%20Se%202021%20Black%202.0L%20vin%3A%205YFS4MCE7MP083501%20free%20car%20history;0.4925851242788535', 'https://bidfax.info/uploads/posts/2021-07/26/toyota-corolla-2021-5yfs4mce7mp083501-img10.jpg', 'https://bidfax.info/uploads/posts/2021-07/26/toyota-corolla-2021-5yfs4mce7mp083501-img1.jpg', 'https://bidfax.info/uploads/posts/2021-07/26/toyota-corolla-2021-5yfs4mce7mp083501-img2.jpg', 'https://bidfax.info/uploads/posts/2021-07/26/toyota-corolla-2021-5yfs4mce7mp083501-img4.jpg', 'https://bidfax.info/uploads/posts/2021-07/26/toyota-corolla-2021-5yfs4mce7mp083501-img3.jpg', 'https://bidfax.info/uploads/posts/2021-07/26/toyota-corolla-2021-5yfs4mce7mp083501-img7.jpg', 'https://bidfax.info/uploads/posts/2021-07/26/toyota-corolla-2021-5yfs4mce7mp083501-img5.jpg', 'https://bidfax.info/uploads/posts/2021-07/26/toyota-corolla-2021-5yfs4mce7mp083501-img9.jpg', 'https://bidfax.info/uploads/posts/2021-07/26/toyota-corolla-2021-5yfs4mce7mp083501-img6.jpg'}
Sold,7100,4305 miles (Actual),Front End,Not specified,2021,5YFEPMAE7MP222579,Run And Drive,Copart,49293171,23.07.2021,1.8L 4,Not specified,Fl - Cert Of Title Slvg Rebuildable,Fl - Tampa South,22221,≈ 18309,Automatic,Blue,d Drive,Gas,Yes,Not specified,https://en.bidfax.info/toyota/corolla/9693625-toyota-corolla-le-2021-blue-18l-4-vin-5yfepmae7mp222579.html,{'https://bidfax.info/uploads/posts/2021-07/24/toyota-corolla-le-2021-5yfepmae7mp222579-img10.jpg', 'https://bidfax.info/uploads/posts/2021-07/24/toyota-corolla-le-2021-5yfepmae7mp222579-img3.jpg', 'https://bidfax.info/uploads/posts/2021-07/24/toyota-corolla-le-2021-5yfepmae7mp222579-img2.jpg', 'https://bidfax.info/uploads/posts/2021-07/24/toyota-corolla-le-2021-5yfepmae7mp222579-img9.jpg', 'https://bidfax.info/uploads/posts/2021-07/24/toyota-corolla-le-2021-5yfepmae7mp222579-img6.jpg', 'https://bidfax.info/uploads/posts/2021-07/24/toyota-corolla-le-2021-5yfepmae7mp222579-img1.jpg', 'https://bidfax.info/uploads/posts/2021-07/24/toyota-corolla-le-2021-5yfepmae7mp222579-img7.jpg', 'https://bidfax.info/uploads/posts/2021-07/24/toyota-corolla-le-2021-5yfepmae7mp222579-img8.jpg', 'https://bidfax.info/uploads/posts/2021-07/24/toyota-corolla-le-2021-5yfepmae7mp222579-img5.jpg', 'https://counter.yadro.ru/hit?t45.11;rhttps%3A//en.bidfax.info/toyota/corolla/f/from-year%3D2021/to-year%3D2021/;s1920*1080*24;uhttps%3A//en.bidfax.info/toyota/corolla/9693625-toyota-corolla-le-2021-blue-18l-4-vin-5yfepmae7mp222579.html;hToyota%20Corolla%20Le%202021%20Blue%201.8L%204%20vin%3A%205YFEPMAE7MP222579%20free%20car%20history;0.21765438660428915', 'https://bidfax.info/uploads/posts/2021-07/24/toyota-corolla-le-2021-5yfepmae7mp222579-img4.jpg'}
Sold,7900,10928 miles (Actual),Front End,Normal Wear,2021,JTDS4MCE9MJ064176,Run And Drive,Copart,46422551,23.07.2021,2.0L 4,Not specified,Tx - Salvage Vehicle Title,Tx - Abilene,23474,≈ 16418,Automatic,Blue,d Drive,Gas,Yes,Title Pending,https://en.bidfax.info/toyota/corolla/9691423-toyota-corolla-se-2021-blue-20l-4-vin-jtds4mce9mj064176.html,{'https://bidfax.info/uploads/posts/2021-07/24/toyota-corolla-se-2021-jtds4mce9mj064176-img5.jpg', 'https://bidfax.info/uploads/posts/2021-07/24/toyota-corolla-se-2021-jtds4mce9mj064176-img1.jpg', 'https://bidfax.info/uploads/posts/2021-07/24/toyota-corolla-se-2021-jtds4mce9mj064176-img7.jpg', 'https://bidfax.info/uploads/posts/2021-07/24/toyota-corolla-se-2021-jtds4mce9mj064176-img6.jpg', 'https://bidfax.info/uploads/posts/2021-07/24/toyota-corolla-se-2021-jtds4mce9mj064176-img4.jpg', 'https://bidfax.info/uploads/posts/2021-07/24/toyota-corolla-se-2021-jtds4mce9mj064176-img2.jpg', 'https://counter.yadro.ru/hit?t45.11;rhttps%3A//en.bidfax.info/toyota/corolla/f/from-year%3D2021/to-year%3D2021/;s1920*1080*24;uhttps%3A//en.bidfax.info/toyota/corolla/9691423-toyota-corolla-se-2021-blue-20l-4-vin-jtds4mce9mj064176.html;hToyota%20Corolla%20Se%202021%20Blue%202.0L%204%20vin%3A%20JTDS4MCE9MJ064176%20free%20car%20history;0.6184732212128323', 'https://bidfax.info/uploads/posts/2021-07/24/toyota-corolla-se-2021-jtds4mce9mj064176-img8.jpg', 'https://bidfax.info/uploads/posts/2021-07/24/toyota-corolla-se-2021-jtds4mce9mj064176-img3.jpg', 'https://bidfax.info/uploads/posts/2021-07/24/toyota-corolla-se-2021-jtds4mce9mj064176-img10.jpg', 'https://bidfax.info/uploads/posts/2021-07/24/toyota-corolla-se-2021-jtds4mce9mj064176-img9.jpg'}
Sold,2900,104 miles (Actual),Front End,Side,2021,JTDEPMAEXMJ185094,Enhanced Vehicles,Copart,46260281,23.07.2021,1.8L 4,Not specified,Fl - Certificate Of Destruction,Fl - Punta Gorda,22479,≈ 23328,Automatic,Blue,Front-Wheel Drive,Gas,Yes,Not specified,https://en.bidfax.info/toyota/corolla/9691311-toyota-corolla-le-2021-blue-18l-4-vin-jtdepmaexmj185094.html,{'https://bidfax.info/uploads/posts/2021-07/24/toyota-corolla-le-2021-jtdepmaexmj185094-img5.jpg', 'https://bidfax.info/uploads/posts/2021-07/24/toyota-corolla-le-2021-jtdepmaexmj185094-img2.jpg', 'https://bidfax.info/uploads/posts/2021-07/24/toyota-corolla-le-2021-jtdepmaexmj185094-img4.jpg', 'https://bidfax.info/uploads/posts/2021-07/24/toyota-corolla-le-2021-jtdepmaexmj185094-img1.jpg', 'https://bidfax.info/uploads/posts/2021-07/24/toyota-corolla-le-2021-jtdepmaexmj185094-img10.jpg', 'https://bidfax.info/uploads/posts/2021-07/24/toyota-corolla-le-2021-jtdepmaexmj185094-img6.jpg', 'https://bidfax.info/uploads/posts/2021-07/24/toyota-corolla-le-2021-jtdepmaexmj185094-img7.jpg', 'https://bidfax.info/uploads/posts/2021-07/24/toyota-corolla-le-2021-jtdepmaexmj185094-img8.jpg', 'https://bidfax.info/uploads/posts/2021-07/24/toyota-corolla-le-2021-jtdepmaexmj185094-img3.jpg', 'https://bidfax.info/uploads/posts/2021-07/24/toyota-corolla-le-2021-jtdepmaexmj185094-img9.jpg', 'https://counter.yadro.ru/hit?t45.11;rhttps%3A//en.bidfax.info/toyota/corolla/f/from-year%3D2021/to-year%3D2021/;s1920*1080*24;uhttps%3A//en.bidfax.info/toyota/corolla/9691311-toyota-corolla-le-2021-blue-18l-4-vin-jtdepmaexmj185094.html;hToyota%20Corolla%20Le%202021%20Blue%201.8L%204%20vin%3A%20JTDEPMAEXMJ185094%20free%20car%20history;0.8895177238574008'}
Sold,6000,18438 miles (Actual),Rollover,Not specified,2021,5YFP4MCE1MP067459,Run And Drive,Copart,45796901,23.07.2021,2.0L 4,Not specified,Ok - Cert Of Title-Salvage,Ok - Tulsa,21939,≈ 17765,Automatic,White,d Drive,Gas,Yes,Not specified,https://en.bidfax.info/toyota/corolla/9691007-toyota-corolla-se-2021-white-20l-4-vin-5yfp4mce1mp067459.html,{'https://bidfax.info/uploads/posts/2021-07/24/toyota-corolla-se-2021-5yfp4mce1mp067459-img4.jpg', 'https://bidfax.info/uploads/posts/2021-07/24/toyota-corolla-se-2021-5yfp4mce1mp067459-img1.jpg', 'https://bidfax.info/uploads/posts/2021-07/24/toyota-corolla-se-2021-5yfp4mce1mp067459-img8.jpg', 'https://bidfax.info/uploads/posts/2021-07/24/toyota-corolla-se-2021-5yfp4mce1mp067459-img9.jpg', 'https://bidfax.info/uploads/posts/2021-07/24/toyota-corolla-se-2021-5yfp4mce1mp067459-img3.jpg', 'https://counter.yadro.ru/hit?t45.11;rhttps%3A//en.bidfax.info/toyota/corolla/f/from-year%3D2021/to-year%3D2021/;s1920*1080*24;uhttps%3A//en.bidfax.info/toyota/corolla/9691007-toyota-corolla-se-2021-white-20l-4-vin-5yfp4mce1mp067459.html;hToyota%20Corolla%20Se%202021%20White%202.0L%204%20vin%3A%205YFP4MCE1MP067459%20free%20car%20history;0.3435034046436064', 'https://bidfax.info/uploads/posts/2021-07/24/toyota-corolla-se-2021-5yfp4mce1mp067459-img10.jpg', 'https://bidfax.info/uploads/posts/2021-07/24/toyota-corolla-se-2021-5yfp4mce1mp067459-img5.jpg', 'https://bidfax.info/uploads/posts/2021-07/24/toyota-corolla-se-2021-5yfp4mce1mp067459-img2.jpg', 'https://bidfax.info/uploads/posts/2021-07/24/toyota-corolla-se-2021-5yfp4mce1mp067459-img6.jpg', 'https://bidfax.info/uploads/posts/2021-07/24/toyota-corolla-se-2021-5yfp4mce1mp067459-img7.jpg'}
Sold,6900,9909 miles (Actual),Front End,Rear End,2021,JTND4MBE4M3107090,Run And Drive,Copart,44788171,23.07.2021,2.0L 4,Not specified,Ca - Salvage Certificate,Ca - San Bernardino,20906,≈ 11780,Automatic,Gray,d Drive,Gas,Yes,Not specified,https://en.bidfax.info/toyota/corolla/9690362-toyota-corolla-se-2021-gray-20l-4-vin-jtnd4mbe4m3107090.html,{'https://bidfax.info/uploads/posts/2021-07/24/toyota-corolla-se-2021-jtnd4mbe4m3107090-img1.jpg', 'https://bidfax.info/uploads/posts/2021-07/24/toyota-corolla-se-2021-jtnd4mbe4m3107090-img5.jpg', 'https://bidfax.info/uploads/posts/2021-07/24/toyota-corolla-se-2021-jtnd4mbe4m3107090-img10.jpg', 'https://bidfax.info/uploads/posts/2021-07/24/toyota-corolla-se-2021-jtnd4mbe4m3107090-img4.jpg', 'https://counter.yadro.ru/hit?t45.11;rhttps%3A//en.bidfax.info/toyota/corolla/f/from-year%3D2021/to-year%3D2021/;s1920*1080*24;uhttps%3A//en.bidfax.info/toyota/corolla/9690362-toyota-corolla-se-2021-gray-20l-4-vin-jtnd4mbe4m3107090.html;hToyota%20Corolla%20Se%202021%20Gray%202.0L%204%20vin%3A%20JTND4MBE4M3107090%20free%20car%20history;0.504748073142586', 'https://bidfax.info/uploads/posts/2021-07/24/toyota-corolla-se-2021-jtnd4mbe4m3107090-img3.jpg', 'https://bidfax.info/uploads/posts/2021-07/24/toyota-corolla-se-2021-jtnd4mbe4m3107090-img6.jpg', 'https://bidfax.info/uploads/posts/2021-07/24/toyota-corolla-se-2021-jtnd4mbe4m3107090-img7.jpg', 'https://bidfax.info/uploads/posts/2021-07/24/toyota-corolla-se-2021-jtnd4mbe4m3107090-img8.jpg', 'https://bidfax.info/uploads/posts/2021-07/24/toyota-corolla-se-2021-jtnd4mbe4m3107090-img9.jpg', 'https://bidfax.info/uploads/posts/2021-07/24/toyota-corolla-se-2021-jtnd4mbe4m3107090-img2.jpg'}
Sold,11000,31 mile (Actual),Rear End,Not specified,2021,JTDEAMDE4MJ029209,Run And Drive,Copart,44401601,23.07.2021,1.8L 4,Not specified,Ca - Salvage Certificate,Ca - Antelope,23366,≈ 18940,Automatic,Blue,d Drive,Hybrid Engine,Yes,Not specified,https://en.bidfax.info/toyota/corolla/9690136-toyota-corolla-le-2021-blue-18l-4-vin-jtdeamde4mj029209.html,{'https://bidfax.info/uploads/posts/2021-07/24/toyota-corolla-le-2021-jtdeamde4mj029209-img6.jpg', 'https://bidfax.info/uploads/posts/2021-07/24/toyota-corolla-le-2021-jtdeamde4mj029209-img1.jpg', 'https://bidfax.info/uploads/posts/2021-07/24/toyota-corolla-le-2021-jtdeamde4mj029209-img3.jpg', 'https://bidfax.info/uploads/posts/2021-07/24/toyota-corolla-le-2021-jtdeamde4mj029209-img9.jpg', 'https://bidfax.info/uploads/posts/2021-07/24/toyota-corolla-le-2021-jtdeamde4mj029209-img2.jpg', 'https://bidfax.info/uploads/posts/2021-07/24/toyota-corolla-le-2021-jtdeamde4mj029209-img8.jpg', 'https://bidfax.info/uploads/posts/2021-07/24/toyota-corolla-le-2021-jtdeamde4mj029209-img10.jpg', 'https://counter.yadro.ru/hit?t45.11;rhttps%3A//en.bidfax.info/toyota/corolla/f/from-year%3D2021/to-year%3D2021/;s1920*1080*24;uhttps%3A//en.bidfax.info/toyota/corolla/9690136-toyota-corolla-le-2021-blue-18l-4-vin-jtdeamde4mj029209.html;hToyota%20Corolla%20Le%202021%20Blue%201.8L%204%20vin%3A%20JTDEAMDE4MJ029209%20free%20car%20history;0.4117919426233213', 'https://bidfax.info/uploads/posts/2021-07/24/toyota-corolla-le-2021-jtdeamde4mj029209-img5.jpg', 'https://bidfax.info/uploads/posts/2021-07/24/toyota-corolla-le-2021-jtdeamde4mj029209-img4.jpg', 'https://bidfax.info/uploads/posts/2021-07/24/toyota-corolla-le-2021-jtdeamde4mj029209-img7.jpg'}
Sold,4200,1017 miles (Actual),Side,Front End,2021,JTDEPMAE5MJ155419,Run And Drive,Copart,44001331,23.07.2021,1.8L 4,Not specified,Tx - Salvage Vehicle Title,Tx - Houston,24834,≈ 24065,Automatic,Silver,d Drive,Gas,Yes,Not specified,https://en.bidfax.info/toyota/corolla/9689928-toyota-corolla-le-2021-silver-18l-4-vin-jtdepmae5mj155419.html,{'https://bidfax.info/uploads/posts/2021-07/24/toyota-corolla-le-2021-jtdepmae5mj155419-img4.jpg', 'https://counter.yadro.ru/hit?t45.11;rhttps%3A//en.bidfax.info/toyota/corolla/f/from-year%3D2021/to-year%3D2021/;s1920*1080*24;uhttps%3A//en.bidfax.info/toyota/corolla/9689928-toyota-corolla-le-2021-silver-18l-4-vin-jtdepmae5mj155419.html;hToyota%20Corolla%20Le%202021%20Silver%201.8L%204%20vin%3A%20JTDEPMAE5MJ155419%20free%20car%20history;0.747209998563232', 'https://bidfax.info/uploads/posts/2021-07/24/toyota-corolla-le-2021-jtdepmae5mj155419-img1.jpg', 'https://bidfax.info/uploads/posts/2021-07/24/toyota-corolla-le-2021-jtdepmae5mj155419-img3.jpg', 'https://bidfax.info/uploads/posts/2021-07/24/toyota-corolla-le-2021-jtdepmae5mj155419-img2.jpg', 'https://bidfax.info/uploads/posts/2021-07/24/toyota-corolla-le-2021-jtdepmae5mj155419-img6.jpg', 'https://bidfax.info/uploads/posts/2021-07/24/toyota-corolla-le-2021-jtdepmae5mj155419-img9.jpg', 'https://bidfax.info/uploads/posts/2021-07/24/toyota-corolla-le-2021-jtdepmae5mj155419-img8.jpg', 'https://bidfax.info/uploads/posts/2021-07/24/toyota-corolla-le-2021-jtdepmae5mj155419-img7.jpg', 'https://bidfax.info/uploads/posts/2021-07/24/toyota-corolla-le-2021-jtdepmae5mj155419-img10.jpg', 'https://bidfax.info/uploads/posts/2021-07/24/toyota-corolla-le-2021-jtdepmae5mj155419-img5.jpg'}
Sold,4900,0 miles (Not Actual),Front End,Side,2021,JTDS4MCE8MJ061091,Enhanced Vehicles,Copart,41968001,23.07.2021,2.0L 4,Not specified,Ca - Salvage Certificate,Ca - Bakersfield,20356,≈ 100,Automatic,Blue,Front-Wheel Drive,Gas,Yes,Not specified,https://en.bidfax.info/toyota/corolla/9689031-toyota-corolla-se-2021-blue-20l-4-vin-jtds4mce8mj061091.html,{'https://bidfax.info/uploads/posts/2021-07/24/toyota-corolla-se-2021-jtds4mce8mj061091-img7.jpg', 'https://counter.yadro.ru/hit?t45.11;rhttps%3A//en.bidfax.info/toyota/corolla/f/from-year%3D2021/to-year%3D2021/;s1920*1080*24;uhttps%3A//en.bidfax.info/toyota/corolla/9689031-toyota-corolla-se-2021-blue-20l-4-vin-jtds4mce8mj061091.html;hToyota%20Corolla%20Se%202021%20Blue%202.0L%204%20vin%3A%20JTDS4MCE8MJ061091%20free%20car%20history;0.5542494566936342', 'https://bidfax.info/uploads/posts/2021-07/24/toyota-corolla-se-2021-jtds4mce8mj061091-img5.jpg', 'https://bidfax.info/uploads/posts/2021-07/24/toyota-corolla-se-2021-jtds4mce8mj061091-img8.jpg', 'https://bidfax.info/uploads/posts/2021-07/24/toyota-corolla-se-2021-jtds4mce8mj061091-img3.jpg', 'https://bidfax.info/uploads/posts/2021-07/24/toyota-corolla-se-2021-jtds4mce8mj061091-img1.jpg', 'https://bidfax.info/uploads/posts/2021-07/24/toyota-corolla-se-2021-jtds4mce8mj061091-img10.jpg', 'https://bidfax.info/uploads/posts/2021-07/24/toyota-corolla-se-2021-jtds4mce8mj061091-img9.jpg', 'https://bidfax.info/uploads/posts/2021-07/24/toyota-corolla-se-2021-jtds4mce8mj061091-img6.jpg', 'https://bidfax.info/uploads/posts/2021-07/24/toyota-corolla-se-2021-jtds4mce8mj061091-img4.jpg', 'https://bidfax.info/uploads/posts/2021-07/24/toyota-corolla-se-2021-jtds4mce8mj061091-img2.jpg'}
Sold,6200,4223 miles (Actual),Front End,Not specified,2021,JTDEPMAE5MJ127104,Run And Drive,Copart,41200541,23.07.2021,1.8L 4,Not specified,Tx - Salvage Vehicle Title,Tx - Houston,19639,≈ 0,Automatic,Black,d Drive,Gas,Yes,Not specified,https://en.bidfax.info/toyota/corolla/9688819-toyota-corolla-le-2021-black-18l-4-vin-jtdepmae5mj127104.html,{'https://bidfax.info/uploads/posts/2021-07/24/toyota-corolla-le-2021-jtdepmae5mj127104-img6.jpg', 'https://counter.yadro.ru/hit?t45.11;rhttps%3A//en.bidfax.info/toyota/corolla/f/from-year%3D2021/to-year%3D2021/;s1920*1080*24;uhttps%3A//en.bidfax.info/toyota/corolla/9688819-toyota-corolla-le-2021-black-18l-4-vin-jtdepmae5mj127104.html;hToyota%20Corolla%20Le%202021%20Black%201.8L%204%20vin%3A%20JTDEPMAE5MJ127104%20free%20car%20history;0.715411197383156', 'https://bidfax.info/uploads/posts/2021-07/24/toyota-corolla-le-2021-jtdepmae5mj127104-img5.jpg', 'https://bidfax.info/uploads/posts/2021-07/24/toyota-corolla-le-2021-jtdepmae5mj127104-img7.jpg', 'https://bidfax.info/uploads/posts/2021-04/21/toyota-corolla-le-2021-jtdepmae5mj127104-img1.jpg', 'https://bidfax.info/uploads/posts/2021-07/14/toyota-corolla-le-2021-jtdepmae5mj127104-img1.jpg', 'https://bidfax.info/uploads/posts/2021-07/24/toyota-corolla-le-2021-jtdepmae5mj127104-img8.jpg', 'https://bidfax.info/uploads/posts/2021-07/24/toyota-corolla-le-2021-jtdepmae5mj127104-img10.jpg', 'https://bidfax.info/uploads/posts/2021-07/24/toyota-corolla-le-2021-jtdepmae5mj127104-img3.jpg', 'https://bidfax.info/uploads/posts/2021-07/24/toyota-corolla-le-2021-jtdepmae5mj127104-img4.jpg', 'https://bidfax.info/uploads/posts/2021-07/24/toyota-corolla-le-2021-jtdepmae5mj127104-img1.jpg', 'https://bidfax.info/uploads/posts/2021-06/26/toyota-corolla-le-2021-jtdepmae5mj127104-img1.jpg', 'https://bidfax.info/uploads/posts/2021-07/24/toyota-corolla-le-2021-jtdepmae5mj127104-img9.jpg', 'https://bidfax.info/uploads/posts/2021-07/24/toyota-corolla-le-2021-jtdepmae5mj127104-img2.jpg'}
Sold,7600,1033 miles (Actual),Rear End,Front End,2021,JTDEPMAE5MJ142864,Run And Drive,Copart,40239371,23.07.2021,1.8L 4,Not specified,Ca - Salvage Certificate,Ca - San Diego,20627,≈ 0,Automatic,Blue,d Drive,Gas,Yes,Not specified,https://en.bidfax.info/toyota/corolla/9688588-toyota-corolla-le-2021-blue-18l-4-vin-jtdepmae5mj142864.html,{'https://bidfax.info/uploads/posts/2021-07/24/toyota-corolla-le-2021-jtdepmae5mj142864-img4.jpg', 'https://bidfax.info/uploads/posts/2021-07/24/toyota-corolla-le-2021-jtdepmae5mj142864-img8.jpg', 'https://bidfax.info/uploads/posts/2021-07/24/toyota-corolla-le-2021-jtdepmae5mj142864-img1.jpg', 'https://counter.yadro.ru/hit?t45.11;rhttps%3A//en.bidfax.info/toyota/corolla/f/from-year%3D2021/to-year%3D2021/page/2/;s1920*1080*24;uhttps%3A//en.bidfax.info/toyota/corolla/9688588-toyota-corolla-le-2021-blue-18l-4-vin-jtdepmae5mj142864.html;hToyota%20Corolla%20Le%202021%20Blue%201.8L%204%20vin%3A%20JTDEPMAE5MJ142864%20free%20car%20history;0.9361092991256434', 'https://bidfax.info/uploads/posts/2021-07/24/toyota-corolla-le-2021-jtdepmae5mj142864-img2.jpg', 'https://bidfax.info/uploads/posts/2021-07/24/toyota-corolla-le-2021-jtdepmae5mj142864-img3.jpg', 'https://bidfax.info/uploads/posts/2021-07/24/toyota-corolla-le-2021-jtdepmae5mj142864-img5.jpg', 'https://bidfax.info/uploads/posts/2021-07/24/toyota-corolla-le-2021-jtdepmae5mj142864-img9.jpg', 'https://bidfax.info/uploads/posts/2021-07/24/toyota-corolla-le-2021-jtdepmae5mj142864-img6.jpg', 'https://bidfax.info/uploads/posts/2021-07/24/toyota-corolla-le-2021-jtdepmae5mj142864-img7.jpg', 'https://bidfax.info/uploads/posts/2021-07/24/toyota-corolla-le-2021-jtdepmae5mj142864-img10.jpg'}
I buy fast,5900,1788 miles (Actual),Left Rear,Rear,2021,JTDEPMAE2MJ155779,Run and Drive,IAAI,29874325,23.07.2021,1.8L I-4 DOHC 16-VALVE -INC,Progressive Casualty Insurance,ORIGINAL (Texas),El Paso (TX),20510,≈ 15501,Unknown,Red,d Drive,Gasoline,Present,Not specified,https://en.bidfax.info/toyota/corolla/9683940-toyota-corolla-le-2021-red-18l-vin-jtdepmae2mj155779.html,{'https://bidfax.info/uploads/posts/2021-07/22/toyota-corolla-2021-jtdepmae2mj155779-img1.jpg', 'https://bidfax.info/uploads/posts/2021-07/24/toyota-corolla-2021-jtdepmae2mj155779-img10.jpg', 'https://bidfax.info/uploads/posts/2021-07/24/toyota-corolla-2021-jtdepmae2mj155779-img3.jpg', 'https://bidfax.info/uploads/posts/2021-07/15/toyota-corolla-2021-jtdepmae2mj155779-img1.jpg', 'https://bidfax.info/uploads/posts/2021-07/24/toyota-corolla-2021-jtdepmae2mj155779-img6.jpg', 'https://bidfax.info/uploads/posts/2021-07/24/toyota-corolla-2021-jtdepmae2mj155779-img1.jpg', 'https://bidfax.info/uploads/posts/2021-07/24/toyota-corolla-2021-jtdepmae2mj155779-img9.jpg', 'https://bidfax.info/uploads/posts/2021-07/24/toyota-corolla-2021-jtdepmae2mj155779-img5.jpg', 'https://bidfax.info/uploads/posts/2021-07/24/toyota-corolla-2021-jtdepmae2mj155779-img7.jpg', 'https://bidfax.info/uploads/posts/2021-07/24/toyota-corolla-2021-jtdepmae2mj155779-img8.jpg', 'https://counter.yadro.ru/hit?t45.11;rhttps%3A//en.bidfax.info/toyota/corolla/f/from-year%3D2021/to-year%3D2021/page/2/;s1920*1080*24;uhttps%3A//en.bidfax.info/toyota/corolla/9683940-toyota-corolla-le-2021-red-18l-vin-jtdepmae2mj155779.html;hToyota%20Corolla%20Le%202021%20Red%201.8L%20vin%3A%20JTDEPMAE2MJ155779%20free%20car%20history;0.3843800787303393', 'https://bidfax.info/uploads/posts/2021-07/24/toyota-corolla-2021-jtdepmae2mj155779-img4.jpg', 'https://bidfax.info/uploads/posts/2021-07/24/toyota-corolla-2021-jtdepmae2mj155779-img2.jpg'}
Sold,5300,646 miles (Actual),Front End,Not specified,2021,5YFEPMAE3MP221106,Enhanced Vehicles,Copart,49939721,22.07.2021,1.8L 4,Not specified,Il - Salvage Certificate (P),Pa - Pittsburgh North,18047,≈ 7789,Automatic,White,Front-Wheel Drive,Gas,Yes,Not specified,https://en.bidfax.info/toyota/corolla/9683130-toyota-corolla-le-2021-white-18l-4-vin-5yfepmae3mp221106.html,{'https://bidfax.info/uploads/posts/2021-07/24/toyota-corolla-le-2021-5yfepmae3mp221106-img7.jpg', 'https://bidfax.info/uploads/posts/2021-07/24/toyota-corolla-le-2021-5yfepmae3mp221106-img4.jpg', 'https://bidfax.info/uploads/posts/2021-07/24/toyota-corolla-le-2021-5yfepmae3mp221106-img6.jpg', 'https://counter.yadro.ru/hit?t45.11;rhttps%3A//en.bidfax.info/toyota/corolla/f/from-year%3D2021/to-year%3D2021/page/2/;s1920*1080*24;uhttps%3A//en.bidfax.info/toyota/corolla/9683130-toyota-corolla-le-2021-white-18l-4-vin-5yfepmae3mp221106.html;hToyota%20Corolla%20Le%202021%20White%201.8L%204%20vin%3A%205YFEPMAE3MP221106%20free%20car%20history;0.9209773900406341', 'https://bidfax.info/uploads/posts/2021-07/24/toyota-corolla-le-2021-5yfepmae3mp221106-img3.jpg', 'https://bidfax.info/uploads/posts/2021-07/24/toyota-corolla-le-2021-5yfepmae3mp221106-img1.jpg', 'https://bidfax.info/uploads/posts/2021-07/24/toyota-corolla-le-2021-5yfepmae3mp221106-img10.jpg', 'https://bidfax.info/uploads/posts/2021-07/24/toyota-corolla-le-2021-5yfepmae3mp221106-img8.jpg', 'https://bidfax.info/uploads/posts/2021-07/24/toyota-corolla-le-2021-5yfepmae3mp221106-img5.jpg', 'https://bidfax.info/uploads/posts/2021-07/24/toyota-corolla-le-2021-5yfepmae3mp221106-img2.jpg', 'https://bidfax.info/uploads/posts/2021-07/24/toyota-corolla-le-2021-5yfepmae3mp221106-img9.jpg'}
Sold,11400,22749 miles (Actual),Side,Rear End,2021,JTDEAMDE5MJ007011,Run And Drive,Copart,43775371,22.07.2021,1.8L 4,Not specified,Ca - Salvage Certificate,Ca - Antelope,21418,≈ 16864,Automatic,White,d Drive,Hybrid Engine,Yes,Not specified,https://en.bidfax.info/toyota/corolla/9677862-toyota-corolla-le-2021-white-18l-4-vin-jtdeamde5mj007011.html,{'https://bidfax.info/uploads/posts/2021-07/23/toyota-corolla-le-2021-jtdeamde5mj007011-img9.jpg', 'https://bidfax.info/uploads/posts/2021-07/23/toyota-corolla-le-2021-jtdeamde5mj007011-img10.jpg', 'https://bidfax.info/uploads/posts/2021-07/23/toyota-corolla-le-2021-jtdeamde5mj007011-img5.jpg', 'https://bidfax.info/uploads/posts/2021-07/23/toyota-corolla-le-2021-jtdeamde5mj007011-img2.jpg', 'https://bidfax.info/uploads/posts/2021-07/23/toyota-corolla-le-2021-jtdeamde5mj007011-img7.jpg', 'https://bidfax.info/uploads/posts/2021-07/23/toyota-corolla-le-2021-jtdeamde5mj007011-img1.jpg', 'https://bidfax.info/uploads/posts/2021-07/23/toyota-corolla-le-2021-jtdeamde5mj007011-img6.jpg', 'https://counter.yadro.ru/hit?t45.11;rhttps%3A//en.bidfax.info/toyota/corolla/f/from-year%3D2021/to-year%3D2021/page/3/;s1920*1080*24;uhttps%3A//en.bidfax.info/toyota/corolla/9677862-toyota-corolla-le-2021-white-18l-4-vin-jtdeamde5mj007011.html;hToyota%20Corolla%20Le%202021%20White%201.8L%204%20vin%3A%20JTDEAMDE5MJ007011%20free%20car%20history;0.4770984154857094', 'https://bidfax.info/uploads/posts/2021-07/23/toyota-corolla-le-2021-jtdeamde5mj007011-img8.jpg', 'https://bidfax.info/uploads/posts/2021-07/23/toyota-corolla-le-2021-jtdeamde5mj007011-img3.jpg', 'https://bidfax.info/uploads/posts/2021-07/23/toyota-corolla-le-2021-jtdeamde5mj007011-img4.jpg'}
Sold,8600,1684 miles (Actual),Front End,Rear End,2021,JTDEPMAE0MJ148863,Run And Drive,Copart,42792851,22.07.2021,1.8L 4,Not specified,Tx - Salvage Vehicle Title,Tx - Dallas,18292,≈ 16922,Automatic,Silver,d Drive,Gas,Yes,Not specified,https://en.bidfax.info/toyota/corolla/9677264-toyota-corolla-le-2021-silver-18l-4-vin-jtdepmae0mj148863.html,{'https://bidfax.info/uploads/posts/2021-07/23/toyota-corolla-le-2021-jtdepmae0mj148863-img7.jpg', 'https://counter.yadro.ru/hit?t45.11;rhttps%3A//en.bidfax.info/toyota/corolla/f/from-year%3D2021/to-year%3D2021/page/3/;s1920*1080*24;uhttps%3A//en.bidfax.info/toyota/corolla/9677264-toyota-corolla-le-2021-silver-18l-4-vin-jtdepmae0mj148863.html;hToyota%20Corolla%20Le%202021%20Silver%201.8L%204%20vin%3A%20JTDEPMAE0MJ148863%20free%20car%20history;0.8768454329314681', 'https://bidfax.info/uploads/posts/2021-07/23/toyota-corolla-le-2021-jtdepmae0mj148863-img1.jpg', 'https://bidfax.info/uploads/posts/2021-07/23/toyota-corolla-le-2021-jtdepmae0mj148863-img3.jpg', 'https://bidfax.info/uploads/posts/2021-07/23/toyota-corolla-le-2021-jtdepmae0mj148863-img8.jpg', 'https://bidfax.info/uploads/posts/2021-07/23/toyota-corolla-le-2021-jtdepmae0mj148863-img5.jpg', 'https://bidfax.info/uploads/posts/2021-07/23/toyota-corolla-le-2021-jtdepmae0mj148863-img10.jpg', 'https://bidfax.info/uploads/posts/2021-07/23/toyota-corolla-le-2021-jtdepmae0mj148863-img6.jpg', 'https://bidfax.info/uploads/posts/2021-07/23/toyota-corolla-le-2021-jtdepmae0mj148863-img4.jpg', 'https://bidfax.info/uploads/posts/2021-07/23/toyota-corolla-le-2021-jtdepmae0mj148863-img9.jpg', 'https://bidfax.info/uploads/posts/2021-07/23/toyota-corolla-le-2021-jtdepmae0mj148863-img2.jpg'}
Sold,12100,13192 miles (Actual),Side,Minor Dent/Scratches,2021,JTDEAMDE0MJ018482,Run And Drive,Copart,42507211,22.07.2021,1.8L 4,Not specified,Ca - Salvage Certificate,Ca - Hayward,21475,≈ 0,Automatic,White,d Drive,Hybrid Engine,Yes,Not specified,https://en.bidfax.info/toyota/corolla/9677109-toyota-corolla-le-2021-white-18l-4-vin-jtdeamde0mj018482.html,{'https://bidfax.info/uploads/posts/2021-07/23/toyota-corolla-le-2021-jtdeamde0mj018482-img10.jpg', 'https://bidfax.info/uploads/posts/2021-07/23/toyota-corolla-le-2021-jtdeamde0mj018482-img3.jpg', 'https://bidfax.info/uploads/posts/2021-07/23/toyota-corolla-le-2021-jtdeamde0mj018482-img5.jpg', 'https://bidfax.info/uploads/posts/2021-07/23/toyota-corolla-le-2021-jtdeamde0mj018482-img8.jpg', 'https://bidfax.info/uploads/posts/2021-07/23/toyota-corolla-le-2021-jtdeamde0mj018482-img7.jpg', 'https://counter.yadro.ru/hit?t45.11;rhttps%3A//en.bidfax.info/toyota/corolla/f/from-year%3D2021/to-year%3D2021/page/3/;s1920*1080*24;uhttps%3A//en.bidfax.info/toyota/corolla/9677109-toyota-corolla-le-2021-white-18l-4-vin-jtdeamde0mj018482.html;hToyota%20Corolla%20Le%202021%20White%201.8L%204%20vin%3A%20JTDEAMDE0MJ018482%20free%20car%20history;0.9779183184588272', 'https://bidfax.info/uploads/posts/2021-07/23/toyota-corolla-le-2021-jtdeamde0mj018482-img1.jpg', 'https://bidfax.info/uploads/posts/2021-07/23/toyota-corolla-le-2021-jtdeamde0mj018482-img9.jpg', 'https://bidfax.info/uploads/posts/2021-07/23/toyota-corolla-le-2021-jtdeamde0mj018482-img4.jpg', 'https://bidfax.info/uploads/posts/2021-07/23/toyota-corolla-le-2021-jtdeamde0mj018482-img2.jpg', 'https://bidfax.info/uploads/posts/2021-07/23/toyota-corolla-le-2021-jtdeamde0mj018482-img6.jpg'}
Sold,5300,15105 miles (Actual),Front End,Mechanical,2021,JTDS4MCE1MJ061742,Enhanced Vehicles,Copart,42439781,22.07.2021,2.0L 4,Not specified,Tx - Salvage Vehicle Title,Tx - Austin,20675,≈ 25953,Automatic,Blue,Front-Wheel Drive,Gas,Yes,Title Pending,https://en.bidfax.info/toyota/corolla/9677068-toyota-corolla-se-2021-blue-20l-4-vin-jtds4mce1mj061742.html,{'https://bidfax.info/uploads/posts/2021-07/23/toyota-corolla-se-2021-jtds4mce1mj061742-img9.jpg', 'https://bidfax.info/uploads/posts/2021-07/23/toyota-corolla-se-2021-jtds4mce1mj061742-img2.jpg', 'https://bidfax.info/uploads/posts/2021-07/23/toyota-corolla-se-2021-jtds4mce1mj061742-img1.jpg', 'https://bidfax.info/uploads/posts/2021-07/23/toyota-corolla-se-2021-jtds4mce1mj061742-img10.jpg', 'https://counter.yadro.ru/hit?t45.11;rhttps%3A//en.bidfax.info/toyota/corolla/f/from-year%3D2021/to-year%3D2021/page/3/;s1920*1080*24;uhttps%3A//en.bidfax.info/toyota/corolla/9677068-toyota-corolla-se-2021-blue-20l-4-vin-jtds4mce1mj061742.html;hToyota%20Corolla%20Se%202021%20Blue%202.0L%204%20vin%3A%20JTDS4MCE1MJ061742%20free%20car%20history;0.22784853804706218', 'https://bidfax.info/uploads/posts/2021-07/23/toyota-corolla-se-2021-jtds4mce1mj061742-img5.jpg', 'https://bidfax.info/uploads/posts/2021-07/23/toyota-corolla-se-2021-jtds4mce1mj061742-img3.jpg', 'https://bidfax.info/uploads/posts/2021-07/23/toyota-corolla-se-2021-jtds4mce1mj061742-img6.jpg', 'https://bidfax.info/uploads/posts/2021-07/23/toyota-corolla-se-2021-jtds4mce1mj061742-img7.jpg', 'https://bidfax.info/uploads/posts/2021-07/23/toyota-corolla-se-2021-jtds4mce1mj061742-img8.jpg', 'https://bidfax.info/uploads/posts/2021-07/23/toyota-corolla-se-2021-jtds4mce1mj061742-img4.jpg'}
Sold,5700,5050 miles (Actual),Front End,Undercarriage,2021,5YFEPMAEXMP164032,Engine Start Program,Copart,42121511,22.07.2021,Start Program,Not specified,Nm - Cert Of Title-Salvage,Nm - Albuquerque,20684,≈ 4410,Automatic,Black,Front-Wheel Drive,Gas,Yes,Not specified,https://en.bidfax.info/toyota/corolla/9676934-toyota-corolla-le-2021-black-18l-4-vin-5yfepmaexmp164032.html,{'https://bidfax.info/uploads/posts/2021-07/23/toyota-corolla-le-2021-5yfepmaexmp164032-img4.jpg', 'https://bidfax.info/uploads/posts/2021-07/23/toyota-corolla-le-2021-5yfepmaexmp164032-img7.jpg', 'https://bidfax.info/uploads/posts/2021-07/23/toyota-corolla-le-2021-5yfepmaexmp164032-img1.jpg', 'https://bidfax.info/uploads/posts/2021-07/23/toyota-corolla-le-2021-5yfepmaexmp164032-img10.jpg', 'https://bidfax.info/uploads/posts/2021-07/23/toyota-corolla-le-2021-5yfepmaexmp164032-img8.jpg', 'https://counter.yadro.ru/hit?t45.11;rhttps%3A//en.bidfax.info/toyota/corolla/f/from-year%3D2021/to-year%3D2021/page/3/;s1920*1080*24;uhttps%3A//en.bidfax.info/toyota/corolla/9676934-toyota-corolla-le-2021-black-18l-4-vin-5yfepmaexmp164032.html;hToyota%20Corolla%20Le%202021%20Black%201.8L%204%20vin%3A%205YFEPMAEXMP164032%20free%20car%20history;0.9614953913579659', 'https://bidfax.info/uploads/posts/2021-07/23/toyota-corolla-le-2021-5yfepmaexmp164032-img6.jpg', 'https://bidfax.info/uploads/posts/2021-07/23/toyota-corolla-le-2021-5yfepmaexmp164032-img5.jpg', 'https://bidfax.info/uploads/posts/2021-07/23/toyota-corolla-le-2021-5yfepmaexmp164032-img2.jpg', 'https://bidfax.info/uploads/posts/2021-07/23/toyota-corolla-le-2021-5yfepmaexmp164032-img9.jpg', 'https://bidfax.info/uploads/posts/2021-07/23/toyota-corolla-le-2021-5yfepmaexmp164032-img3.jpg'}
Sold,7500,3069 miles (Actual),Rear End,Front End,2021,JTNC4MBE9M3107582,Enhanced Vehicles,Copart,40234521,22.07.2021,2.0L 4,Not specified,Ca - Salvage Certificate,Ca - Van Nuys,25026,≈ 100,Automatic,Gray,Front-Wheel Drive,Gas,Yes,Not specified,https://en.bidfax.info/toyota/corolla/9676346-toyota-corolla-xse-2021-gray-20l-4-vin-jtnc4mbe9m3107582.html,{'https://counter.yadro.ru/hit?t45.11;rhttps%3A//en.bidfax.info/toyota/corolla/f/from-year%3D2021/to-year%3D2021/page/3/;s1920*1080*24;uhttps%3A//en.bidfax.info/toyota/corolla/9676346-toyota-corolla-xse-2021-gray-20l-4-vin-jtnc4mbe9m3107582.html;hToyota%20Corolla%20Xse%202021%20Gray%202.0L%204%20vin%3A%20JTNC4MBE9M3107582%20free%20car%20history;0.7156086128452298', 'https://bidfax.info/uploads/posts/2021-07/23/toyota-corolla-xs-2021-jtnc4mbe9m3107582-img6.jpg', 'https://bidfax.info/uploads/posts/2021-07/23/toyota-corolla-xs-2021-jtnc4mbe9m3107582-img9.jpg', 'https://bidfax.info/uploads/posts/2021-07/23/toyota-corolla-xs-2021-jtnc4mbe9m3107582-img5.jpg', 'https://bidfax.info/uploads/posts/2021-07/23/toyota-corolla-xs-2021-jtnc4mbe9m3107582-img4.jpg', 'https://bidfax.info/uploads/posts/2021-07/23/toyota-corolla-xs-2021-jtnc4mbe9m3107582-img1.jpg', 'https://bidfax.info/uploads/posts/2021-07/23/toyota-corolla-xs-2021-jtnc4mbe9m3107582-img10.jpg', 'https://bidfax.info/uploads/posts/2021-07/23/toyota-corolla-xs-2021-jtnc4mbe9m3107582-img2.jpg', 'https://bidfax.info/uploads/posts/2021-07/23/toyota-corolla-xs-2021-jtnc4mbe9m3107582-img3.jpg', 'https://bidfax.info/uploads/posts/2021-07/23/toyota-corolla-xs-2021-jtnc4mbe9m3107582-img7.jpg', 'https://bidfax.info/uploads/posts/2021-07/23/toyota-corolla-xs-2021-jtnc4mbe9m3107582-img8.jpg'}
Sold,7700,7322 miles (Actual),Side,Front End,2021,JTDVPMAEXMJ121167,Run And Drive,Copart,39795621,22.07.2021,1.8L 4,Not specified,Fl - Cert Of Title Slvg Rebuildable,Al - Montgomery,19395,≈ 14586,Automatic,Blue,d Drive,Gas,Yes,Not specified,https://en.bidfax.info/toyota/corolla/9676261-toyota-corolla-le-2021-blue-18l-4-vin-jtdvpmaexmj121167.html,{'https://bidfax.info/uploads/posts/2021-07/23/toyota-corolla-le-2021-jtdvpmaexmj121167-img5.jpg', 'https://bidfax.info/uploads/posts/2021-07/23/toyota-corolla-le-2021-jtdvpmaexmj121167-img2.jpg', 'https://bidfax.info/uploads/posts/2021-07/23/toyota-corolla-le-2021-jtdvpmaexmj121167-img4.jpg', 'https://bidfax.info/uploads/posts/2021-07/23/toyota-corolla-le-2021-jtdvpmaexmj121167-img3.jpg', 'https://bidfax.info/uploads/posts/2021-07/23/toyota-corolla-le-2021-jtdvpmaexmj121167-img7.jpg', 'https://bidfax.info/uploads/posts/2021-07/23/toyota-corolla-le-2021-jtdvpmaexmj121167-img10.jpg', 'https://bidfax.info/uploads/posts/2021-07/23/toyota-corolla-le-2021-jtdvpmaexmj121167-img1.jpg', 'https://bidfax.info/uploads/posts/2021-07/23/toyota-corolla-le-2021-jtdvpmaexmj121167-img6.jpg', 'https://bidfax.info/uploads/posts/2021-07/23/toyota-corolla-le-2021-jtdvpmaexmj121167-img8.jpg', 'https://counter.yadro.ru/hit?t45.11;rhttps%3A//en.bidfax.info/toyota/corolla/f/from-year%3D2021/to-year%3D2021/page/3/;s1920*1080*24;uhttps%3A//en.bidfax.info/toyota/corolla/9676261-toyota-corolla-le-2021-blue-18l-4-vin-jtdvpmaexmj121167.html;hToyota%20Corolla%20Le%202021%20Blue%201.8L%204%20vin%3A%20JTDVPMAEXMJ121167%20free%20car%20history;0.7991730630246117', 'https://bidfax.info/uploads/posts/2021-07/23/toyota-corolla-le-2021-jtdvpmaexmj121167-img9.jpg'}
Sold,10750,15737 miles (Actual),Rear,Front End,2021,5YFEPMAE4MP178685,Run and Drive,IAAI,30780659,22.07.2021,1.8L I-4 DOHC 16-VALVE -INC,Enterprise Vehicle Exchange,CLEAR (Florida),Tidewater (VA),14000,≈ Not specified,Unknown,Black,d Drive,Gasoline,Present,Not specified,https://en.bidfax.info/toyota/corolla/9674716-toyota-corolla-le-2021-black-18l-vin-5yfepmae4mp178685.html,{'https://bidfax.info/uploads/posts/2021-07/23/toyota-corolla-2021-5yfepmae4mp178685-img8.jpg', 'https://counter.yadro.ru/hit?t45.11;rhttps%3A//en.bidfax.info/toyota/corolla/f/from-year%3D2021/to-year%3D2021/page/3/;s1920*1080*24;uhttps%3A//en.bidfax.info/toyota/corolla/9674716-toyota-corolla-le-2021-black-18l-vin-5yfepmae4mp178685.html;hToyota%20Corolla%20Le%202021%20Black%201.8L%20vin%3A%205YFEPMAE4MP178685%20free%20car%20history;0.5909345088815816', 'https://bidfax.info/uploads/posts/2021-07/23/toyota-corolla-2021-5yfepmae4mp178685-img4.jpg', 'https://bidfax.info/uploads/posts/2021-07/23/toyota-corolla-2021-5yfepmae4mp178685-img5.jpg', 'https://bidfax.info/uploads/posts/2021-07/23/toyota-corolla-2021-5yfepmae4mp178685-img10.jpg', 'https://bidfax.info/uploads/posts/2021-07/23/toyota-corolla-2021-5yfepmae4mp178685-img3.jpg', 'https://bidfax.info/uploads/posts/2021-07/23/toyota-corolla-2021-5yfepmae4mp178685-img6.jpg', 'https://bidfax.info/uploads/posts/2021-07/23/toyota-corolla-2021-5yfepmae4mp178685-img1.jpg', 'https://bidfax.info/uploads/posts/2021-07/23/toyota-corolla-2021-5yfepmae4mp178685-img9.jpg', 'https://bidfax.info/uploads/posts/2021-07/23/toyota-corolla-2021-5yfepmae4mp178685-img7.jpg', 'https://bidfax.info/uploads/posts/2021-07/23/toyota-corolla-2021-5yfepmae4mp178685-img2.jpg'}
Sold,3325,1219 miles (Actual),Front and Rear,Not specified,2021,JTDS4MCE6MJ077189,Run and Drive,IAAI,30676647,22.07.2021,2.0L I-4 DOHC 16-VALVE -INC,State Farm Group Insurance,SALVAGE CERTIFICATE (California),Los Angeles (CA),25526,≈ 25526,Unknown,White,d Drive,Gasoline,Present,Not specified,https://en.bidfax.info/toyota/corolla/9673829-toyota-corolla-se-2021-white-20l-vin-jtds4mce6mj077189.html,{'https://bidfax.info/uploads/posts/2021-07/23/toyota-corolla-2021-jtds4mce6mj077189-img3.jpg', 'https://bidfax.info/uploads/posts/2021-07/23/toyota-corolla-2021-jtds4mce6mj077189-img1.jpg', 'https://bidfax.info/uploads/posts/2021-07/23/toyota-corolla-2021-jtds4mce6mj077189-img6.jpg', 'https://bidfax.info/uploads/posts/2021-07/23/toyota-corolla-2021-jtds4mce6mj077189-img5.jpg', 'https://bidfax.info/uploads/posts/2021-07/23/toyota-corolla-2021-jtds4mce6mj077189-img8.jpg', 'https://bidfax.info/uploads/posts/2021-07/23/toyota-corolla-2021-jtds4mce6mj077189-img10.jpg', 'https://bidfax.info/uploads/posts/2021-07/23/toyota-corolla-2021-jtds4mce6mj077189-img2.jpg', 'https://bidfax.info/uploads/posts/2021-07/23/toyota-corolla-2021-jtds4mce6mj077189-img7.jpg', 'https://bidfax.info/uploads/posts/2021-07/23/toyota-corolla-2021-jtds4mce6mj077189-img9.jpg', 'https://counter.yadro.ru/hit?t45.11;rhttps%3A//en.bidfax.info/toyota/corolla/f/from-year%3D2021/to-year%3D2021/page/3/;s1920*1080*24;uhttps%3A//en.bidfax.info/toyota/corolla/9673829-toyota-corolla-se-2021-white-20l-vin-jtds4mce6mj077189.html;hToyota%20Corolla%20Se%202021%20White%202.0L%20vin%3A%20JTDS4MCE6MJ077189%20free%20car%20history;0.0417550137062811', 'https://bidfax.info/uploads/posts/2021-07/23/toyota-corolla-2021-jtds4mce6mj077189-img4.jpg'}
On approval,14475,667 miles (Actual),Right Side,Not specified,2021,5YFEPMAE5MP235461,Run and Drive,IAAI,30496394,22.07.2021,1.8L I-4 DOHC 16-VALVE -INC,Avis Budget Group,ORIGINAL (Texas),Houston-North (TX),,≈ 6549,Unknown,Silver,d Drive,Gasoline,Present,Not specified,https://en.bidfax.info/toyota/corolla/9671956-toyota-corolla-le-2021-silver-18l-vin-5yfepmae5mp235461.html,{'https://bidfax.info/uploads/posts/2021-07/23/toyota-corolla-2021-5yfepmae5mp235461-img8.jpg', 'https://bidfax.info/uploads/posts/2021-07/23/toyota-corolla-2021-5yfepmae5mp235461-img4.jpg', 'https://bidfax.info/uploads/posts/2021-07/23/toyota-corolla-2021-5yfepmae5mp235461-img10.jpg', 'https://bidfax.info/uploads/posts/2021-07/23/toyota-corolla-2021-5yfepmae5mp235461-img1.jpg', 'https://bidfax.info/uploads/posts/2021-07/23/toyota-corolla-2021-5yfepmae5mp235461-img7.jpg', 'https://bidfax.info/uploads/posts/2021-07/09/toyota-corolla-2021-5yfepmae5mp235461-img1.jpg', 'https://bidfax.info/uploads/posts/2021-07/23/toyota-corolla-2021-5yfepmae5mp235461-img3.jpg', 'https://bidfax.info/uploads/posts/2021-06/18/toyota-corolla-2021-5yfepmae5mp235461-img1.jpg', 'https://bidfax.info/uploads/posts/2021-07/02/toyota-corolla-2021-5yfepmae5mp235461-img1.jpg', 'https://counter.yadro.ru/hit?t45.11;rhttps%3A//en.bidfax.info/toyota/corolla/f/from-year%3D2021/to-year%3D2021/page/3/;s1920*1080*24;uhttps%3A//en.bidfax.info/toyota/corolla/9671956-toyota-corolla-le-2021-silver-18l-vin-5yfepmae5mp235461.html;hToyota%20Corolla%20Le%202021%20Silver%201.8L%20vin%3A%205YFEPMAE5MP235461%20free%20car%20history;0.2871607514825598', 'https://bidfax.info/uploads/posts/2021-07/23/toyota-corolla-2021-5yfepmae5mp235461-img9.jpg', 'https://bidfax.info/uploads/posts/2021-07/23/toyota-corolla-2021-5yfepmae5mp235461-img2.jpg', 'https://bidfax.info/uploads/posts/2021-06/25/toyota-corolla-2021-5yfepmae5mp235461-img1.jpg', 'https://bidfax.info/uploads/posts/2021-07/23/toyota-corolla-2021-5yfepmae5mp235461-img6.jpg', 'https://bidfax.info/uploads/posts/2021-07/23/toyota-corolla-2021-5yfepmae5mp235461-img5.jpg', 'https://bidfax.info/uploads/posts/2021-07/16/toyota-corolla-2021-5yfepmae5mp235461-img1.jpg'}
On approval,3900,842 miles (Actual),Front and Rear,Not specified,2021,5YFEPMAE6MP225120,Run and Drive,IAAI,30359914,22.07.2021,1.8L I-4 DOHC 16-VALVE -INC,State Farm Group Insurance,SALVAGE CERTIFICATE (California),Los Angeles (CA),19156,≈ 18901,Unknown,Gray,d Drive,Gasoline,Present,Not specified,https://en.bidfax.info/toyota/corolla/9670737-toyota-corolla-le-2021-gray-18l-vin-5yfepmae6mp225120.html,{'https://bidfax.info/uploads/posts/2021-07/23/toyota-corolla-2021-5yfepmae6mp225120-img6.jpg', 'https://bidfax.info/uploads/posts/2021-07/23/toyota-corolla-2021-5yfepmae6mp225120-img5.jpg', 'https://bidfax.info/uploads/posts/2021-07/23/toyota-corolla-2021-5yfepmae6mp225120-img9.jpg', 'https://bidfax.info/uploads/posts/2021-07/23/toyota-corolla-2021-5yfepmae6mp225120-img10.jpg', 'https://counter.yadro.ru/hit?t45.11;rhttps%3A//en.bidfax.info/toyota/corolla/f/from-year%3D2021/to-year%3D2021/page/4/;s1920*1080*24;uhttps%3A//en.bidfax.info/toyota/corolla/9670737-toyota-corolla-le-2021-gray-18l-vin-5yfepmae6mp225120.html;hToyota%20Corolla%20Le%202021%20Gray%201.8L%20vin%3A%205YFEPMAE6MP225120%20free%20car%20history;0.44600066106779923', 'https://bidfax.info/uploads/posts/2021-07/23/toyota-corolla-2021-5yfepmae6mp225120-img1.jpg', 'https://bidfax.info/uploads/posts/2021-07/23/toyota-corolla-2021-5yfepmae6mp225120-img8.jpg', 'https://bidfax.info/uploads/posts/2021-07/23/toyota-corolla-2021-5yfepmae6mp225120-img7.jpg', 'https://bidfax.info/uploads/posts/2021-07/23/toyota-corolla-2021-5yfepmae6mp225120-img3.jpg', 'https://bidfax.info/uploads/posts/2021-07/23/toyota-corolla-2021-5yfepmae6mp225120-img2.jpg', 'https://bidfax.info/uploads/posts/2021-07/23/toyota-corolla-2021-5yfepmae6mp225120-img4.jpg'}
Sold,11500,2629 miles (Actual),Front End,Not specified,2021,5YFS4MCE0MP073165,Run And Drive,Copart,45351631,21.07.2021,2.0L 4,Not specified,Ga - Cert Of Title-Salvage,Ga - Atlanta South,23438,≈ 11176,Automatic,Black,d Drive,Gas,Yes,Not specified,https://en.bidfax.info/toyota/corolla/9662931-toyota-corolla-se-2021-black-20l-4-vin-5yfs4mce0mp073165.html,{'https://bidfax.info/uploads/posts/2021-07/22/toyota-corolla-se-2021-5yfs4mce0mp073165-img1.jpg', 'https://counter.yadro.ru/hit?t45.11;rhttps%3A//en.bidfax.info/toyota/corolla/f/from-year%3D2021/to-year%3D2021/page/5/;s1920*1080*24;uhttps%3A//en.bidfax.info/toyota/corolla/9662931-toyota-corolla-se-2021-black-20l-4-vin-5yfs4mce0mp073165.html;hToyota%20Corolla%20Se%202021%20Black%202.0L%204%20vin%3A%205YFS4MCE0MP073165%20free%20car%20history;0.027451243698973782', 'https://bidfax.info/uploads/posts/2021-07/22/toyota-corolla-se-2021-5yfs4mce0mp073165-img10.jpg', 'https://bidfax.info/uploads/posts/2021-07/22/toyota-corolla-se-2021-5yfs4mce0mp073165-img4.jpg', 'https://bidfax.info/uploads/posts/2021-07/22/toyota-corolla-se-2021-5yfs4mce0mp073165-img5.jpg', 'https://bidfax.info/uploads/posts/2021-07/22/toyota-corolla-se-2021-5yfs4mce0mp073165-img7.jpg', 'https://bidfax.info/uploads/posts/2021-07/22/toyota-corolla-se-2021-5yfs4mce0mp073165-img6.jpg', 'https://bidfax.info/uploads/posts/2021-07/22/toyota-corolla-se-2021-5yfs4mce0mp073165-img3.jpg', 'https://bidfax.info/uploads/posts/2021-07/22/toyota-corolla-se-2021-5yfs4mce0mp073165-img8.jpg', 'https://bidfax.info/uploads/posts/2021-07/22/toyota-corolla-se-2021-5yfs4mce0mp073165-img2.jpg', 'https://bidfax.info/uploads/posts/2021-07/22/toyota-corolla-se-2021-5yfs4mce0mp073165-img9.jpg'}
Sold,12400,7222 miles (Actual),Rear End,Not specified,2021,5YFS4MCEXMP068510,Run And Drive,Copart,44943301,21.07.2021,2.0L 4,Not specified,Va - Cert Of Title - Salvage,Va - Fredericksburg,22980,≈ 10056,Automatic,Gray,d Drive,Gas,Yes,Not specified,https://en.bidfax.info/toyota/corolla/9662591-toyota-corolla-se-2021-gray-20l-4-vin-5yfs4mcexmp068510.html,{'https://bidfax.info/uploads/posts/2021-07/22/toyota-corolla-se-2021-5yfs4mcexmp068510-img2.jpg', 'https://bidfax.info/uploads/posts/2021-07/22/toyota-corolla-se-2021-5yfs4mcexmp068510-img8.jpg', 'https://bidfax.info/uploads/posts/2021-07/22/toyota-corolla-se-2021-5yfs4mcexmp068510-img4.jpg', 'https://bidfax.info/uploads/posts/2021-07/22/toyota-corolla-se-2021-5yfs4mcexmp068510-img7.jpg', 'https://bidfax.info/uploads/posts/2021-07/22/toyota-corolla-se-2021-5yfs4mcexmp068510-img1.jpg', 'https://bidfax.info/uploads/posts/2021-07/22/toyota-corolla-se-2021-5yfs4mcexmp068510-img6.jpg', 'https://counter.yadro.ru/hit?t45.11;rhttps%3A//en.bidfax.info/toyota/corolla/f/from-year%3D2021/to-year%3D2021/page/5/;s1920*1080*24;uhttps%3A//en.bidfax.info/toyota/corolla/9662591-toyota-corolla-se-2021-gray-20l-4-vin-5yfs4mcexmp068510.html;hToyota%20Corolla%20Se%202021%20Gray%202.0L%204%20vin%3A%205YFS4MCEXMP068510%20free%20car%20history;0.7655048199384811', 'https://bidfax.info/uploads/posts/2021-07/22/toyota-corolla-se-2021-5yfs4mcexmp068510-img5.jpg', 'https://bidfax.info/uploads/posts/2021-07/22/toyota-corolla-se-2021-5yfs4mcexmp068510-img3.jpg', 'https://bidfax.info/uploads/posts/2021-07/22/toyota-corolla-se-2021-5yfs4mcexmp068510-img10.jpg', 'https://bidfax.info/uploads/posts/2021-07/22/toyota-corolla-se-2021-5yfs4mcexmp068510-img9.jpg'}
Sold,7100,2894 miles (Actual),Front End,Not specified,2021,5YFEPMAE0MP204957,Run And Drive,Copart,42685461,21.07.2021,1.8L 4,Not specified,Il - Junking Cert Of A Vehicle,Or - Portland North,0,≈ 0,Automatic,White,d Drive,Gas,Yes,Not specified,https://en.bidfax.info/toyota/corolla/9661064-toyota-corolla-le-2021-white-18l-4-vin-5yfepmae0mp204957.html,{'https://bidfax.info/uploads/posts/2021-07/22/toyota-corolla-le-2021-5yfepmae0mp204957-img5.jpg', 'https://bidfax.info/uploads/posts/2021-07/22/toyota-corolla-le-2021-5yfepmae0mp204957-img7.jpg', 'https://bidfax.info/uploads/posts/2021-07/22/toyota-corolla-le-2021-5yfepmae0mp204957-img9.jpg', 'https://bidfax.info/uploads/posts/2021-07/22/toyota-corolla-le-2021-5yfepmae0mp204957-img6.jpg', 'https://bidfax.info/uploads/posts/2021-07/22/toyota-corolla-le-2021-5yfepmae0mp204957-img1.jpg', 'https://counter.yadro.ru/hit?t45.11;rhttps%3A//en.bidfax.info/toyota/corolla/f/from-year%3D2021/to-year%3D2021/page/5/;s1920*1080*24;uhttps%3A//en.bidfax.info/toyota/corolla/9661064-toyota-corolla-le-2021-white-18l-4-vin-5yfepmae0mp204957.html;hToyota%20Corolla%20Le%202021%20White%201.8L%204%20vin%3A%205YFEPMAE0MP204957%20free%20car%20history;0.5814358245296496', 'https://bidfax.info/uploads/posts/2021-07/22/toyota-corolla-le-2021-5yfepmae0mp204957-img10.jpg', 'https://bidfax.info/uploads/posts/2021-07/22/toyota-corolla-le-2021-5yfepmae0mp204957-img2.jpg', 'https://bidfax.info/uploads/posts/2021-07/22/toyota-corolla-le-2021-5yfepmae0mp204957-img3.jpg', 'https://bidfax.info/uploads/posts/2021-07/22/toyota-corolla-le-2021-5yfepmae0mp204957-img8.jpg', 'https://bidfax.info/uploads/posts/2021-07/22/toyota-corolla-le-2021-5yfepmae0mp204957-img4.jpg'}
Sold,10600,1635 miles (Actual),Front End,Not specified,2021,JTDEAMDE6MJ003484,Run And Drive,Copart,42665511,21.07.2021,1.8L 4,Not specified,Il - Salvage Certificate,Il - Chicago South,23696,≈ 17850,Automatic,White,d Drive,Hybrid Engine,Yes,Veh Loc @ Woodmar Sublot,https://en.bidfax.info/toyota/corolla/9661054-toyota-corolla-le-2021-white-18l-4-vin-jtdeamde6mj003484.html,{'https://bidfax.info/uploads/posts/2021-07/22/toyota-corolla-le-2021-jtdeamde6mj003484-img5.jpg', 'https://bidfax.info/uploads/posts/2021-07/22/toyota-corolla-le-2021-jtdeamde6mj003484-img6.jpg', 'https://bidfax.info/uploads/posts/2021-07/22/toyota-corolla-le-2021-jtdeamde6mj003484-img9.jpg', 'https://counter.yadro.ru/hit?t45.11;rhttps%3A//en.bidfax.info/toyota/corolla/f/from-year%3D2021/to-year%3D2021/page/5/;s1920*1080*24;uhttps%3A//en.bidfax.info/toyota/corolla/9661054-toyota-corolla-le-2021-white-18l-4-vin-jtdeamde6mj003484.html;hToyota%20Corolla%20Le%202021%20White%201.8L%204%20vin%3A%20JTDEAMDE6MJ003484%20free%20car%20history;0.07697692283497937', 'https://bidfax.info/uploads/posts/2021-07/22/toyota-corolla-le-2021-jtdeamde6mj003484-img2.jpg', 'https://bidfax.info/uploads/posts/2021-07/22/toyota-corolla-le-2021-jtdeamde6mj003484-img1.jpg', 'https://bidfax.info/uploads/posts/2021-07/22/toyota-corolla-le-2021-jtdeamde6mj003484-img10.jpg', 'https://bidfax.info/uploads/posts/2021-07/22/toyota-corolla-le-2021-jtdeamde6mj003484-img3.jpg', 'https://bidfax.info/uploads/posts/2021-07/22/toyota-corolla-le-2021-jtdeamde6mj003484-img8.jpg', 'https://bidfax.info/uploads/posts/2021-07/22/toyota-corolla-le-2021-jtdeamde6mj003484-img7.jpg', 'https://bidfax.info/uploads/posts/2021-07/22/toyota-corolla-le-2021-jtdeamde6mj003484-img4.jpg'}
Sold,8100,11009 miles (Actual),Front End,Not specified,2021,JTDT4MCE1MJ063558,Enhanced Vehicles,Copart,42319671,21.07.2021,2.0L 4,Not specified,Il - Salvage Certificate,Il - Chicago South,21645,≈ 0,Automatic,Blue,Front-Wheel Drive,Gas,Yes,Veh Loc @ Woodmar Sublot,https://en.bidfax.info/toyota/corolla/9660887-toyota-corolla-xse-2021-blue-20l-4-vin-jtdt4mce1mj063558.html,{'https://bidfax.info/uploads/posts/2021-07/22/toyota-corolla-xs-2021-jtdt4mce1mj063558-img8.jpg', 'https://bidfax.info/uploads/posts/2021-07/22/toyota-corolla-xs-2021-jtdt4mce1mj063558-img7.jpg', 'https://bidfax.info/uploads/posts/2021-07/22/toyota-corolla-xs-2021-jtdt4mce1mj063558-img2.jpg', 'https://counter.yadro.ru/hit?t45.11;rhttps%3A//en.bidfax.info/toyota/corolla/f/from-year%3D2021/to-year%3D2021/page/5/;s1920*1080*24;uhttps%3A//en.bidfax.info/toyota/corolla/9660887-toyota-corolla-xse-2021-blue-20l-4-vin-jtdt4mce1mj063558.html;hToyota%20Corolla%20Xse%202021%20Blue%202.0L%204%20vin%3A%20JTDT4MCE1MJ063558%20free%20car%20history;0.27960257727184445', 'https://bidfax.info/uploads/posts/2021-07/22/toyota-corolla-xs-2021-jtdt4mce1mj063558-img4.jpg', 'https://bidfax.info/uploads/posts/2021-07/22/toyota-corolla-xs-2021-jtdt4mce1mj063558-img9.jpg', 'https://bidfax.info/uploads/posts/2021-07/22/toyota-corolla-xs-2021-jtdt4mce1mj063558-img10.jpg', 'https://bidfax.info/uploads/posts/2021-07/22/toyota-corolla-xs-2021-jtdt4mce1mj063558-img6.jpg', 'https://bidfax.info/uploads/posts/2021-07/22/toyota-corolla-xs-2021-jtdt4mce1mj063558-img3.jpg', 'https://bidfax.info/uploads/posts/2021-07/22/toyota-corolla-xs-2021-jtdt4mce1mj063558-img1.jpg', 'https://bidfax.info/uploads/posts/2021-07/22/toyota-corolla-xs-2021-jtdt4mce1mj063558-img5.jpg'}
Sold,9600,4047 miles (Actual),Rear End,Not specified,2021,5YFEPMAE3MP218299,Run And Drive,Copart,41618811,21.07.2021,1.8L 4,Not specified,Ga - Cert Of Title-Salvage,Ga - Atlanta North,21375,≈ 5487,Automatic,Silver,d Drive,Gas,Yes,Title Pending,https://en.bidfax.info/toyota/corolla/9660596-toyota-corolla-le-2021-silver-18l-4-vin-5yfepmae3mp218299.html,{'https://bidfax.info/uploads/posts/2021-07/22/toyota-corolla-le-2021-5yfepmae3mp218299-img2.jpg', 'https://bidfax.info/uploads/posts/2021-07/22/toyota-corolla-le-2021-5yfepmae3mp218299-img8.jpg', 'https://bidfax.info/uploads/posts/2021-07/22/toyota-corolla-le-2021-5yfepmae3mp218299-img3.jpg', 'https://bidfax.info/uploads/posts/2021-07/22/toyota-corolla-le-2021-5yfepmae3mp218299-img1.jpg', 'https://bidfax.info/uploads/posts/2021-07/22/toyota-corolla-le-2021-5yfepmae3mp218299-img10.jpg', 'https://bidfax.info/uploads/posts/2021-07/22/toyota-corolla-le-2021-5yfepmae3mp218299-img4.jpg', 'https://bidfax.info/uploads/posts/2021-07/22/toyota-corolla-le-2021-5yfepmae3mp218299-img7.jpg', 'https://bidfax.info/uploads/posts/2021-07/22/toyota-corolla-le-2021-5yfepmae3mp218299-img9.jpg', 'https://counter.yadro.ru/hit?t45.11;rhttps%3A//en.bidfax.info/toyota/corolla/f/from-year%3D2021/to-year%3D2021/page/5/;s1920*1080*24;uhttps%3A//en.bidfax.info/toyota/corolla/9660596-toyota-corolla-le-2021-silver-18l-4-vin-5yfepmae3mp218299.html;hToyota%20Corolla%20Le%202021%20Silver%201.8L%204%20vin%3A%205YFEPMAE3MP218299%20free%20car%20history;0.4369190348471096', 'https://bidfax.info/uploads/posts/2021-07/22/toyota-corolla-le-2021-5yfepmae3mp218299-img5.jpg', 'https://bidfax.info/uploads/posts/2021-07/22/toyota-corolla-le-2021-5yfepmae3mp218299-img6.jpg'}
Sold,7300,5303 miles (Actual),Rear End,Not specified,2021,JTND4MBE5M3112279,Run And Drive,Copart,41338051,21.07.2021,2.0L 4,Not specified,Mo - Salvage Certificate Of Title,Mo - Springfield,21916,≈ 13196,Automatic,Black,d Drive,Gas,Yes,Not specified,https://en.bidfax.info/toyota/corolla/9660475-toyota-corolla-se-2021-black-20l-4-vin-jtnd4mbe5m3112279.html,{'https://bidfax.info/uploads/posts/2021-07/22/toyota-corolla-se-2021-jtnd4mbe5m3112279-img3.jpg', 'https://bidfax.info/uploads/posts/2021-07/22/toyota-corolla-se-2021-jtnd4mbe5m3112279-img10.jpg', 'https://bidfax.info/uploads/posts/2021-07/22/toyota-corolla-se-2021-jtnd4mbe5m3112279-img1.jpg', 'https://bidfax.info/uploads/posts/2021-07/22/toyota-corolla-se-2021-jtnd4mbe5m3112279-img4.jpg', 'https://counter.yadro.ru/hit?t45.11;rhttps%3A//en.bidfax.info/toyota/corolla/f/from-year%3D2021/to-year%3D2021/page/5/;s1920*1080*24;uhttps%3A//en.bidfax.info/toyota/corolla/9660475-toyota-corolla-se-2021-black-20l-4-vin-jtnd4mbe5m3112279.html;hToyota%20Corolla%20Se%202021%20Black%202.0L%204%20vin%3A%20JTND4MBE5M3112279%20free%20car%20history;0.1455969899710584', 'https://bidfax.info/uploads/posts/2021-07/22/toyota-corolla-se-2021-jtnd4mbe5m3112279-img7.jpg', 'https://bidfax.info/uploads/posts/2021-07/22/toyota-corolla-se-2021-jtnd4mbe5m3112279-img2.jpg', 'https://bidfax.info/uploads/posts/2021-07/22/toyota-corolla-se-2021-jtnd4mbe5m3112279-img5.jpg', 'https://bidfax.info/uploads/posts/2021-07/22/toyota-corolla-se-2021-jtnd4mbe5m3112279-img9.jpg', 'https://bidfax.info/uploads/posts/2021-07/22/toyota-corolla-se-2021-jtnd4mbe5m3112279-img8.jpg', 'https://bidfax.info/uploads/posts/2021-07/22/toyota-corolla-se-2021-jtnd4mbe5m3112279-img6.jpg'}
Sold,7200,4417 miles (Actual),Rear End,Not specified,2021,5YFEPMAE7MP150119,Run And Drive,Copart,40937951,21.07.2021,1.8L 4,Not specified,Fl - Certificate Of Destruction,Fl - Miami South,17207,≈ 15580,Automatic,Black,d Drive,Gas,Yes,Not specified,https://en.bidfax.info/toyota/corolla/9660344-toyota-corolla-le-2021-black-18l-4-vin-5yfepmae7mp150119.html,{'https://bidfax.info/uploads/posts/2021-07/22/toyota-corolla-le-2021-5yfepmae7mp150119-img2.jpg', 'https://bidfax.info/uploads/posts/2021-07/22/toyota-corolla-le-2021-5yfepmae7mp150119-img9.jpg', 'https://bidfax.info/uploads/posts/2021-07/22/toyota-corolla-le-2021-5yfepmae7mp150119-img8.jpg', 'https://bidfax.info/uploads/posts/2021-07/22/toyota-corolla-le-2021-5yfepmae7mp150119-img6.jpg', 'https://bidfax.info/uploads/posts/2021-07/22/toyota-corolla-le-2021-5yfepmae7mp150119-img7.jpg', 'https://bidfax.info/uploads/posts/2021-07/22/toyota-corolla-le-2021-5yfepmae7mp150119-img5.jpg', 'https://bidfax.info/uploads/posts/2021-07/22/toyota-corolla-le-2021-5yfepmae7mp150119-img10.jpg', 'https://counter.yadro.ru/hit?t45.11;rhttps%3A//en.bidfax.info/toyota/corolla/f/from-year%3D2021/to-year%3D2021/page/5/;s1920*1080*24;uhttps%3A//en.bidfax.info/toyota/corolla/9660344-toyota-corolla-le-2021-black-18l-4-vin-5yfepmae7mp150119.html;hToyota%20Corolla%20Le%202021%20Black%201.8L%204%20vin%3A%205YFEPMAE7MP150119%20free%20car%20history;0.454468151945441', 'https://bidfax.info/uploads/posts/2021-07/22/toyota-corolla-le-2021-5yfepmae7mp150119-img1.jpg', 'https://bidfax.info/uploads/posts/2021-07/22/toyota-corolla-le-2021-5yfepmae7mp150119-img3.jpg', 'https://bidfax.info/uploads/posts/2021-07/22/toyota-corolla-le-2021-5yfepmae7mp150119-img4.jpg', 'https://bidfax.info/uploads/posts/2021-07/08/toyota-corolla-le-2021-5yfepmae7mp150119-img1.jpg'}
I buy fast,9000,996 miles (Actual),Left and Right Side,All Over,2021,JTDEPMAE2MJ166281,Run and Drive,IAAI,30067149,22.07.2021,1.8L I-4 DOHC 16-VALVE -INC,Progressive Casualty Insurance,ORIGINAL (Texas),Fort Worth North (TX),18045,≈ 16223,Unknown,Black,d Drive,Gasoline,Present,Not specified,https://en.bidfax.info/toyota/corolla/9658794-toyota-corolla-le-2021-black-18l-vin-jtdepmae2mj166281.html,{'https://bidfax.info/uploads/posts/2021-07/22/toyota-corolla-2021-jtdepmae2mj166281-img2.jpg', 'https://bidfax.info/uploads/posts/2021-07/22/toyota-corolla-2021-jtdepmae2mj166281-img7.jpg', 'https://bidfax.info/uploads/posts/2021-07/22/toyota-corolla-2021-jtdepmae2mj166281-img6.jpg', 'https://bidfax.info/uploads/posts/2021-07/22/toyota-corolla-2021-jtdepmae2mj166281-img8.jpg', 'https://bidfax.info/uploads/posts/2021-07/21/toyota-corolla-2021-jtdepmae2mj166281-img1.jpg', 'https://bidfax.info/uploads/posts/2021-07/22/toyota-corolla-2021-jtdepmae2mj166281-img9.jpg', 'https://bidfax.info/uploads/posts/2021-07/22/toyota-corolla-2021-jtdepmae2mj166281-img4.jpg', 'https://bidfax.info/uploads/posts/2021-07/22/toyota-corolla-2021-jtdepmae2mj166281-img5.jpg', 'https://bidfax.info/uploads/posts/2021-07/22/toyota-corolla-2021-jtdepmae2mj166281-img3.jpg', 'https://bidfax.info/uploads/posts/2021-07/22/toyota-corolla-2021-jtdepmae2mj166281-img10.jpg', 'https://bidfax.info/uploads/posts/2021-07/22/toyota-corolla-2021-jtdepmae2mj166281-img1.jpg', 'https://counter.yadro.ru/hit?t45.11;rhttps%3A//en.bidfax.info/toyota/corolla/f/from-year%3D2021/to-year%3D2021/page/5/;s1920*1080*24;uhttps%3A//en.bidfax.info/toyota/corolla/9658794-toyota-corolla-le-2021-black-18l-vin-jtdepmae2mj166281.html;hToyota%20Corolla%20Le%202021%20Black%201.8L%20vin%3A%20JTDEPMAE2MJ166281%20free%20car%20history;0.07190456495144393'}
Sold,9975,19807 miles (Actual),Front End,Not specified,2021,5YFEPMAE4MP183966,Stationary,IAAI,30805760,21.07.2021,1.8L I-4 DOHC 16-VALVE -INC,Enterprise Vehicle Exchange 34 Albuquerque,CLEAR (Texas),El Paso (TX),,≈ Not specified,Unknown,Blue,Front Wheel Drive,Gasoline,Present,Not specified,https://en.bidfax.info/toyota/corolla/9658470-toyota-corolla-le-2021-blue-18l-vin-5yfepmae4mp183966.html,{'https://bidfax.info/uploads/posts/2021-07/22/toyota-corolla-2021-5yfepmae4mp183966-img1.jpg', 'https://bidfax.info/uploads/posts/2021-07/22/toyota-corolla-2021-5yfepmae4mp183966-img4.jpg', 'https://bidfax.info/uploads/posts/2021-07/22/toyota-corolla-2021-5yfepmae4mp183966-img7.jpg', 'https://bidfax.info/uploads/posts/2021-07/22/toyota-corolla-2021-5yfepmae4mp183966-img10.jpg', 'https://bidfax.info/uploads/posts/2021-07/22/toyota-corolla-2021-5yfepmae4mp183966-img8.jpg', 'https://counter.yadro.ru/hit?t45.11;rhttps%3A//en.bidfax.info/toyota/corolla/f/from-year%3D2021/to-year%3D2021/page/5/;s1920*1080*24;uhttps%3A//en.bidfax.info/toyota/corolla/9658470-toyota-corolla-le-2021-blue-18l-vin-5yfepmae4mp183966.html;hToyota%20Corolla%20Le%202021%20Blue%201.8L%20vin%3A%205YFEPMAE4MP183966%20free%20car%20history;0.5684544040036739', 'https://bidfax.info/uploads/posts/2021-07/22/toyota-corolla-2021-5yfepmae4mp183966-img2.jpg', 'https://bidfax.info/uploads/posts/2021-07/22/toyota-corolla-2021-5yfepmae4mp183966-img9.jpg', 'https://bidfax.info/uploads/posts/2021-07/22/toyota-corolla-2021-5yfepmae4mp183966-img6.jpg', 'https://bidfax.info/uploads/posts/2021-07/22/toyota-corolla-2021-5yfepmae4mp183966-img5.jpg', 'https://bidfax.info/uploads/posts/2021-07/22/toyota-corolla-2021-5yfepmae4mp183966-img3.jpg'}
Sold,16225,4792 miles (Actual),Rear,Not specified,2021,5YFEPMAE0MP235724,Run and Drive,IAAI,30805127,21.07.2021,1.8L I-4 DOHC 16-VALVE -INC,Avis Budget Group,CLEAR (Indiana),Indianapolis (IN),,≈ 8582,Unknown,Silver,d Drive,Gasoline,Present,Not specified,https://en.bidfax.info/toyota/corolla/9658424-toyota-corolla-le-2021-silver-18l-vin-5yfepmae0mp235724.html,{'https://bidfax.info/uploads/posts/2021-07/22/toyota-corolla-2021-5yfepmae0mp235724-img6.jpg', 'https://bidfax.info/uploads/posts/2021-07/22/toyota-corolla-2021-5yfepmae0mp235724-img10.jpg', 'https://bidfax.info/uploads/posts/2021-07/22/toyota-corolla-2021-5yfepmae0mp235724-img3.jpg', 'https://bidfax.info/uploads/posts/2021-07/22/toyota-corolla-2021-5yfepmae0mp235724-img4.jpg', 'https://bidfax.info/uploads/posts/2021-07/22/toyota-corolla-2021-5yfepmae0mp235724-img2.jpg', 'https://counter.yadro.ru/hit?t45.11;rhttps%3A//en.bidfax.info/toyota/corolla/f/from-year%3D2021/to-year%3D2021/page/6/;s1920*1080*24;uhttps%3A//en.bidfax.info/toyota/corolla/9658424-toyota-corolla-le-2021-silver-18l-vin-5yfepmae0mp235724.html;hToyota%20Corolla%20Le%202021%20Silver%201.8L%20vin%3A%205YFEPMAE0MP235724%20free%20car%20history;0.9934375790560707', 'https://bidfax.info/uploads/posts/2021-07/22/toyota-corolla-2021-5yfepmae0mp235724-img7.jpg', 'https://bidfax.info/uploads/posts/2021-07/22/toyota-corolla-2021-5yfepmae0mp235724-img9.jpg', 'https://bidfax.info/uploads/posts/2021-07/22/toyota-corolla-2021-5yfepmae0mp235724-img5.jpg', 'https://bidfax.info/uploads/posts/2021-07/22/toyota-corolla-2021-5yfepmae0mp235724-img1.jpg', 'https://bidfax.info/uploads/posts/2021-07/22/toyota-corolla-2021-5yfepmae0mp235724-img8.jpg'}
On approval,8400,8994 miles (Actual),Front End,Not specified,2021,5YFEPMAE6MP185671,Run and Drive,IAAI,30763224,21.07.2021,1.8L I-4 DOHC 16-VALVE -INC,Not specified,CLEAR (Florida),Orlando (FL),21725,≈ Not specified,Unknown,Silver,d Drive,Gasoline,Present,Not specified,https://en.bidfax.info/toyota/corolla/9658168-toyota-corolla-le-2021-silver-18l-vin-5yfepmae6mp185671.html,{'https://bidfax.info/uploads/posts/2021-07/22/toyota-corolla-2021-5yfepmae6mp185671-img3.jpg', 'https://counter.yadro.ru/hit?t45.11;rhttps%3A//en.bidfax.info/toyota/corolla/f/from-year%3D2021/to-year%3D2021/page/6/;s1920*1080*24;uhttps%3A//en.bidfax.info/toyota/corolla/9658168-toyota-corolla-le-2021-silver-18l-vin-5yfepmae6mp185671.html;hToyota%20Corolla%20Le%202021%20Silver%201.8L%20vin%3A%205YFEPMAE6MP185671%20free%20car%20history;0.41461400463977427', 'https://bidfax.info/uploads/posts/2021-07/22/toyota-corolla-2021-5yfepmae6mp185671-img9.jpg', 'https://bidfax.info/uploads/posts/2021-07/22/toyota-corolla-2021-5yfepmae6mp185671-img8.jpg', 'https://bidfax.info/uploads/posts/2021-07/22/toyota-corolla-2021-5yfepmae6mp185671-img2.jpg', 'https://bidfax.info/uploads/posts/2021-07/22/toyota-corolla-2021-5yfepmae6mp185671-img7.jpg', 'https://bidfax.info/uploads/posts/2021-07/22/toyota-corolla-2021-5yfepmae6mp185671-img5.jpg', 'https://bidfax.info/uploads/posts/2021-07/22/toyota-corolla-2021-5yfepmae6mp185671-img1.jpg', 'https://bidfax.info/uploads/posts/2021-07/22/toyota-corolla-2021-5yfepmae6mp185671-img10.jpg', 'https://bidfax.info/uploads/posts/2021-07/22/toyota-corolla-2021-5yfepmae6mp185671-img6.jpg', 'https://bidfax.info/uploads/posts/2021-07/22/toyota-corolla-2021-5yfepmae6mp185671-img4.jpg'}
On approval,5025,8624 miles (Actual),Front End,Left and Right Side,2021,5YFEPMAE5MP180137,Stationary,IAAI,30748887,21.07.2021,1.8L I-4 DOHC 16-VALVE -INC,Not specified,CERTIFICATE OF DESTRUCTION (Florida),Orlando (FL),21925,≈ Not specified,Unknown,Blue,Front Wheel Drive,Gasoline,Present,Not specified,https://en.bidfax.info/toyota/corolla/9658004-toyota-corolla-le-2021-blue-18l-vin-5yfepmae5mp180137.html,{'https://bidfax.info/uploads/posts/2021-07/22/toyota-corolla-2021-5yfepmae5mp180137-img1.jpg', 'https://bidfax.info/uploads/posts/2021-07/22/toyota-corolla-2021-5yfepmae5mp180137-img8.jpg', 'https://bidfax.info/uploads/posts/2021-07/22/toyota-corolla-2021-5yfepmae5mp180137-img6.jpg', 'https://bidfax.info/uploads/posts/2021-07/22/toyota-corolla-2021-5yfepmae5mp180137-img10.jpg', 'https://bidfax.info/uploads/posts/2021-07/22/toyota-corolla-2021-5yfepmae5mp180137-img4.jpg', 'https://bidfax.info/uploads/posts/2021-07/22/toyota-corolla-2021-5yfepmae5mp180137-img3.jpg', 'https://bidfax.info/uploads/posts/2021-07/22/toyota-corolla-2021-5yfepmae5mp180137-img7.jpg', 'https://bidfax.info/uploads/posts/2021-07/15/toyota-corolla-2021-5yfepmae5mp180137-img1.jpg', 'https://counter.yadro.ru/hit?t45.11;rhttps%3A//en.bidfax.info/toyota/corolla/f/from-year%3D2021/to-year%3D2021/page/6/;s1920*1080*24;uhttps%3A//en.bidfax.info/toyota/corolla/9658004-toyota-corolla-le-2021-blue-18l-vin-5yfepmae5mp180137.html;hToyota%20Corolla%20Le%202021%20Blue%201.8L%20vin%3A%205YFEPMAE5MP180137%20free%20car%20history;0.6045756630657769', 'https://bidfax.info/uploads/posts/2021-07/22/toyota-corolla-2021-5yfepmae5mp180137-img9.jpg', 'https://bidfax.info/uploads/posts/2021-07/22/toyota-corolla-2021-5yfepmae5mp180137-img5.jpg', 'https://bidfax.info/uploads/posts/2021-07/22/toyota-corolla-2021-5yfepmae5mp180137-img2.jpg'}
I buy fast,4925,1 mile (Inoperable Digital Dash),Left Side,Right Side,2021,5YFEPMAE0MP175931,Run and Drive,IAAI,30722375,21.07.2021,1.8L I-4 DOHC 16-VALVE -INC,Not specified,ORIGINAL (Texas),Houston (TX),21925,≈ Not specified,Unknown,Blue,d Drive,Gasoline,Present,Not specified,https://en.bidfax.info/toyota/corolla/9657725-toyota-corolla-le-2021-blue-18l-vin-5yfepmae0mp175931.html,{'https://counter.yadro.ru/hit?t45.11;rhttps%3A//en.bidfax.info/toyota/corolla/f/from-year%3D2021/to-year%3D2021/page/6/;s1920*1080*24;uhttps%3A//en.bidfax.info/toyota/corolla/9657725-toyota-corolla-le-2021-blue-18l-vin-5yfepmae0mp175931.html;hToyota%20Corolla%20Le%202021%20Blue%201.8L%20vin%3A%205YFEPMAE0MP175931%20free%20car%20history;0.08575736949992063', 'https://bidfax.info/uploads/posts/2021-07/22/toyota-corolla-2021-5yfepmae0mp175931-img7.jpg', 'https://bidfax.info/uploads/posts/2021-07/15/toyota-corolla-2021-5yfepmae0mp175931-img1.jpg', 'https://bidfax.info/uploads/posts/2021-07/22/toyota-corolla-2021-5yfepmae0mp175931-img4.jpg', 'https://bidfax.info/uploads/posts/2021-07/22/toyota-corolla-2021-5yfepmae0mp175931-img8.jpg', 'https://bidfax.info/uploads/posts/2021-07/22/toyota-corolla-2021-5yfepmae0mp175931-img6.jpg', 'https://bidfax.info/uploads/posts/2021-07/22/toyota-corolla-2021-5yfepmae0mp175931-img10.jpg', 'https://bidfax.info/uploads/posts/2021-07/22/toyota-corolla-2021-5yfepmae0mp175931-img2.jpg', 'https://bidfax.info/uploads/posts/2021-03/20/toyota-corolla-2021-5yfepmae0mp175931-img1.jpg', 'https://bidfax.info/uploads/posts/2021-03/28/toyota-corolla-2021-5yfepmae0mp175931-img1.jpg', 'https://bidfax.info/uploads/posts/2021-07/22/toyota-corolla-2021-5yfepmae0mp175931-img9.jpg', 'https://bidfax.info/uploads/posts/2021-03/27/toyota-corolla-2021-5yfepmae0mp175931-img1.jpg', 'https://bidfax.info/uploads/posts/2021-07/22/toyota-corolla-2021-5yfepmae0mp175931-img5.jpg', 'https://bidfax.info/uploads/posts/2021-07/22/toyota-corolla-2021-5yfepmae0mp175931-img1.jpg', 'https://bidfax.info/uploads/posts/2021-07/22/toyota-corolla-2021-5yfepmae0mp175931-img3.jpg'}
Sold,8675,9434 miles (Actual),Rear,Left Rear,2021,5YFEPMAE9MP201264,Run and Drive,IAAI,30691322,21.07.2021,1.8L I-4 DOHC 16-VALVE -INC,Avis Budget Group,CLEAR (Florida),Orlando (FL),,≈ 12515,Unknown,Silver,d Drive,Gasoline,Present,Not specified,https://en.bidfax.info/toyota/corolla/9657339-toyota-corolla-le-2021-silver-18l-vin-5yfepmae9mp201264.html,{'https://bidfax.info/uploads/posts/2021-07/22/toyota-corolla-2021-5yfepmae9mp201264-img5.jpg', 'https://bidfax.info/uploads/posts/2021-07/22/toyota-corolla-2021-5yfepmae9mp201264-img6.jpg', 'https://bidfax.info/uploads/posts/2021-07/22/toyota-corolla-2021-5yfepmae9mp201264-img3.jpg', 'https://bidfax.info/uploads/posts/2021-07/22/toyota-corolla-2021-5yfepmae9mp201264-img2.jpg', 'https://bidfax.info/uploads/posts/2021-07/22/toyota-corolla-2021-5yfepmae9mp201264-img8.jpg', 'https://bidfax.info/uploads/posts/2021-07/15/toyota-corolla-2021-5yfepmae9mp201264-img1.jpg', 'https://bidfax.info/uploads/posts/2021-07/22/toyota-corolla-2021-5yfepmae9mp201264-img4.jpg', 'https://counter.yadro.ru/hit?t45.11;rhttps%3A//en.bidfax.info/toyota/corolla/f/from-year%3D2021/to-year%3D2021/page/6/;s1920*1080*24;uhttps%3A//en.bidfax.info/toyota/corolla/9657339-toyota-corolla-le-2021-silver-18l-vin-5yfepmae9mp201264.html;hToyota%20Corolla%20Le%202021%20Silver%201.8L%20vin%3A%205YFEPMAE9MP201264%20free%20car%20history;0.38608025742574514', 'https://bidfax.info/uploads/posts/2021-07/22/toyota-corolla-2021-5yfepmae9mp201264-img1.jpg', 'https://bidfax.info/uploads/posts/2021-07/22/toyota-corolla-2021-5yfepmae9mp201264-img9.jpg', 'https://bidfax.info/uploads/posts/2021-07/22/toyota-corolla-2021-5yfepmae9mp201264-img7.jpg', 'https://bidfax.info/uploads/posts/2021-07/22/toyota-corolla-2021-5yfepmae9mp201264-img10.jpg'}
On approval,6900,27020 miles (Actual),Right Front,Undercarriage,2021,5YFEPMAE2MP182086,Starts,IAAI,30633744,21.07.2021,1.8L I-4 DOHC 16-VALVE -INC,Enterprise Vehicle Exchange 51 Edmond,CLEAR (Missouri),Little Rock (AR),21875,≈ 9730,Unknown,Silver,Front Wheel Drive,Gasoline,Present,Not specified,https://en.bidfax.info/toyota/corolla/9656514-toyota-corolla-le-2021-silver-18l-vin-5yfepmae2mp182086.html,{'https://bidfax.info/uploads/posts/2021-07/22/toyota-corolla-2021-5yfepmae2mp182086-img3.jpg', 'https://bidfax.info/uploads/posts/2021-07/22/toyota-corolla-2021-5yfepmae2mp182086-img6.jpg', 'https://bidfax.info/uploads/posts/2021-07/22/toyota-corolla-2021-5yfepmae2mp182086-img9.jpg', 'https://bidfax.info/uploads/posts/2021-07/15/toyota-corolla-2021-5yfepmae2mp182086-img1.jpg', 'https://bidfax.info/uploads/posts/2021-07/22/toyota-corolla-2021-5yfepmae2mp182086-img2.jpg', 'https://bidfax.info/uploads/posts/2021-07/22/toyota-corolla-2021-5yfepmae2mp182086-img7.jpg', 'https://counter.yadro.ru/hit?t45.11;rhttps%3A//en.bidfax.info/toyota/corolla/f/from-year%3D2021/to-year%3D2021/page/6/;s1920*1080*24;uhttps%3A//en.bidfax.info/toyota/corolla/9656514-toyota-corolla-le-2021-silver-18l-vin-5yfepmae2mp182086.html;hToyota%20Corolla%20Le%202021%20Silver%201.8L%20vin%3A%205YFEPMAE2MP182086%20free%20car%20history;0.24498630819546396', 'https://bidfax.info/uploads/posts/2021-07/22/toyota-corolla-2021-5yfepmae2mp182086-img10.jpg', 'https://bidfax.info/uploads/posts/2021-07/22/toyota-corolla-2021-5yfepmae2mp182086-img1.jpg', 'https://bidfax.info/uploads/posts/2021-07/22/toyota-corolla-2021-5yfepmae2mp182086-img8.jpg', 'https://bidfax.info/uploads/posts/2021-07/22/toyota-corolla-2021-5yfepmae2mp182086-img5.jpg', 'https://bidfax.info/uploads/posts/2021-07/22/toyota-corolla-2021-5yfepmae2mp182086-img4.jpg'}
On approval,6625,23636 miles (Actual),Left Front,Left Side,2021,5YFEPMAE3MP173039,Run and Drive,IAAI,30589369,21.07.2021,1.8L I-4 DOHC 16-VALVE -INC,Geico Insurance,SALVAGE CERTIFICATE (California),Sacramento (CA),20749,≈ 20525,Unknown,Silver,d Drive,Gasoline,Present,Not specified,https://en.bidfax.info/toyota/corolla/9655829-toyota-corolla-le-2021-silver-18l-vin-5yfepmae3mp173039.html,{'https://counter.yadro.ru/hit?t45.11;rhttps%3A//en.bidfax.info/toyota/corolla/f/from-year%3D2021/to-year%3D2021/page/6/;s1920*1080*24;uhttps%3A//en.bidfax.info/toyota/corolla/9655829-toyota-corolla-le-2021-silver-18l-vin-5yfepmae3mp173039.html;hToyota%20Corolla%20Le%202021%20Silver%201.8L%20vin%3A%205YFEPMAE3MP173039%20free%20car%20history;0.0635066029306054', 'https://bidfax.info/uploads/posts/2021-07/22/toyota-corolla-2021-5yfepmae3mp173039-img7.jpg', 'https://bidfax.info/uploads/posts/2021-07/22/toyota-corolla-2021-5yfepmae3mp173039-img2.jpg', 'https://bidfax.info/uploads/posts/2021-07/22/toyota-corolla-2021-5yfepmae3mp173039-img5.jpg', 'https://bidfax.info/uploads/posts/2021-07/22/toyota-corolla-2021-5yfepmae3mp173039-img3.jpg', 'https://bidfax.info/uploads/posts/2021-07/22/toyota-corolla-2021-5yfepmae3mp173039-img6.jpg', 'https://bidfax.info/uploads/posts/2021-07/22/toyota-corolla-2021-5yfepmae3mp173039-img4.jpg', 'https://bidfax.info/uploads/posts/2021-07/22/toyota-corolla-2021-5yfepmae3mp173039-img1.jpg', 'https://bidfax.info/uploads/posts/2021-07/22/toyota-corolla-2021-5yfepmae3mp173039-img9.jpg', 'https://bidfax.info/uploads/posts/2021-07/22/toyota-corolla-2021-5yfepmae3mp173039-img10.jpg', 'https://bidfax.info/uploads/posts/2021-07/22/toyota-corolla-2021-5yfepmae3mp173039-img8.jpg'}
Sold,8400,25 miles (Not Actual),Front and Rear,Right Side,2021,5YFEPMAE8MP160500,Stationary,IAAI,30487652,21.07.2021,1.8L I-4 DOHC 16-VALVE -INC,Geico Insurance,SALVAGE - GREATER THAN 75% (Maryland),Metro DC (MD),19868,≈ 16718,Unknown,White,Front Wheel Drive,Gasoline,Missing,Not specified,https://en.bidfax.info/toyota/corolla/9654300-toyota-corolla-le-2021-white-18l-vin-5yfepmae8mp160500.html,{'https://bidfax.info/uploads/posts/2021-07/22/toyota-corolla-2021-5yfepmae8mp160500-img2.jpg', 'https://bidfax.info/uploads/posts/2021-07/22/toyota-corolla-2021-5yfepmae8mp160500-img4.jpg', 'https://bidfax.info/uploads/posts/2021-07/22/toyota-corolla-2021-5yfepmae8mp160500-img3.jpg', 'https://bidfax.info/uploads/posts/2021-07/22/toyota-corolla-2021-5yfepmae8mp160500-img8.jpg', 'https://bidfax.info/uploads/posts/2021-07/22/toyota-corolla-2021-5yfepmae8mp160500-img6.jpg', 'https://counter.yadro.ru/hit?t45.11;rhttps%3A//en.bidfax.info/toyota/corolla/f/from-year%3D2021/to-year%3D2021/page/6/;s1920*1080*24;uhttps%3A//en.bidfax.info/toyota/corolla/9654300-toyota-corolla-le-2021-white-18l-vin-5yfepmae8mp160500.html;hToyota%20Corolla%20Le%202021%20White%201.8L%20vin%3A%205YFEPMAE8MP160500%20free%20car%20history;0.9907538185482362', 'https://bidfax.info/uploads/posts/2021-07/22/toyota-corolla-2021-5yfepmae8mp160500-img10.jpg', 'https://bidfax.info/uploads/posts/2021-07/22/toyota-corolla-2021-5yfepmae8mp160500-img9.jpg', 'https://bidfax.info/uploads/posts/2021-07/22/toyota-corolla-2021-5yfepmae8mp160500-img7.jpg', 'https://bidfax.info/uploads/posts/2021-07/22/toyota-corolla-2021-5yfepmae8mp160500-img1.jpg', 'https://bidfax.info/uploads/posts/2021-07/22/toyota-corolla-2021-5yfepmae8mp160500-img5.jpg'}
Sold,8500,21995 miles (Actual),Rear,Not specified,2021,5YFEPMAE7MP168300,Run and Drive,IAAI,30480634,21.07.2021,1.8L I-4 DOHC 16-VALVE -INC,Geico Insurance,SALVAGE CERTIFICATE (California),North Hollywood (CA),19140,≈ 14457,Unknown,White,d Drive,Gasoline,Present,Not specified,https://en.bidfax.info/toyota/corolla/9654196-toyota-corolla-le-2021-white-18l-vin-5yfepmae7mp168300.html,{'https://bidfax.info/uploads/posts/2021-07/22/toyota-corolla-2021-5yfepmae7mp168300-img10.jpg', 'https://bidfax.info/uploads/posts/2021-07/22/toyota-corolla-2021-5yfepmae7mp168300-img4.jpg', 'https://bidfax.info/uploads/posts/2021-07/22/toyota-corolla-2021-5yfepmae7mp168300-img7.jpg', 'https://bidfax.info/uploads/posts/2021-07/22/toyota-corolla-2021-5yfepmae7mp168300-img8.jpg', 'https://bidfax.info/uploads/posts/2021-07/22/toyota-corolla-2021-5yfepmae7mp168300-img2.jpg', 'https://bidfax.info/uploads/posts/2021-07/22/toyota-corolla-2021-5yfepmae7mp168300-img1.jpg', 'https://bidfax.info/uploads/posts/2021-07/22/toyota-corolla-2021-5yfepmae7mp168300-img3.jpg', 'https://bidfax.info/uploads/posts/2021-07/22/toyota-corolla-2021-5yfepmae7mp168300-img9.jpg', 'https://bidfax.info/uploads/posts/2021-07/22/toyota-corolla-2021-5yfepmae7mp168300-img6.jpg', 'https://counter.yadro.ru/hit?t45.11;rhttps%3A//en.bidfax.info/toyota/corolla/f/from-year%3D2021/to-year%3D2021/page/6/;s1920*1080*24;uhttps%3A//en.bidfax.info/toyota/corolla/9654196-toyota-corolla-le-2021-white-18l-vin-5yfepmae7mp168300.html;hToyota%20Corolla%20Le%202021%20White%201.8L%20vin%3A%205YFEPMAE7MP168300%20free%20car%20history;0.839094199953934', 'https://bidfax.info/uploads/posts/2021-07/22/toyota-corolla-2021-5yfepmae7mp168300-img5.jpg'}
Sold,9475,751 mile (Actual),Flood,Not specified,2021,JTDEPMAE6MJ171628,Run and Drive,IAAI,30456656,21.07.2021,1.8L I-4 DOHC 16-VALVE -INC,State Farm Group Insurance,CERTIFICATE OF DESTRUCTION (Louisiana),Lafayette (LA),20520,≈ 20520,Unknown,Light Blue,d Drive,Gasoline,Present,Not specified,https://en.bidfax.info/toyota/corolla/9653843-toyota-corolla-le-2021-light-blue-18l-vin-jtdepmae6mj171628.html,{'https://bidfax.info/uploads/posts/2021-07/22/toyota-corolla-2021-jtdepmae6mj171628-img5.jpg', 'https://bidfax.info/uploads/posts/2021-07/22/toyota-corolla-2021-jtdepmae6mj171628-img1.jpg', 'https://bidfax.info/uploads/posts/2021-07/22/toyota-corolla-2021-jtdepmae6mj171628-img2.jpg', 'https://bidfax.info/uploads/posts/2021-07/22/toyota-corolla-2021-jtdepmae6mj171628-img3.jpg', 'https://bidfax.info/uploads/posts/2021-07/22/toyota-corolla-2021-jtdepmae6mj171628-img4.jpg', 'https://counter.yadro.ru/hit?t45.11;rhttps%3A//en.bidfax.info/toyota/corolla/f/from-year%3D2021/to-year%3D2021/page/6/;s1920*1080*24;uhttps%3A//en.bidfax.info/toyota/corolla/9653843-toyota-corolla-le-2021-light-blue-18l-vin-jtdepmae6mj171628.html;hToyota%20Corolla%20Le%202021%20Light%20Blue%201.8L%20vin%3A%20JTDEPMAE6MJ171628%20free%20car%20history;0.49344095328683757', 'https://bidfax.info/uploads/posts/2021-07/22/toyota-corolla-2021-jtdepmae6mj171628-img7.jpg', 'https://bidfax.info/uploads/posts/2021-07/22/toyota-corolla-2021-jtdepmae6mj171628-img6.jpg', 'https://bidfax.info/uploads/posts/2021-07/22/toyota-corolla-2021-jtdepmae6mj171628-img10.jpg', 'https://bidfax.info/uploads/posts/2021-07/22/toyota-corolla-2021-jtdepmae6mj171628-img9.jpg', 'https://bidfax.info/uploads/posts/2021-07/22/toyota-corolla-2021-jtdepmae6mj171628-img8.jpg'}
